id,data_aplicacao,persona_id,persona_rotulo,perfil_anbima,produto_id,produto,prazo_dias,valor_aplicado_brl,origem_valor,estrato,gab_aliquota_ir,gab_iof_incide,gab_iof_pct_rendimento,gab_suitability,gab_conduta_esperada,gab_tipo,selic_meta_aa,cdi_aa,ipca_12m_aa,ipca_mes_referencia,taxa_contratada_aa,gab_rfl_brl,fonte_gabarito_rfl
D1-0001,2025-06-02,P1,Joao,Sem Reservas,TS,Tesouro Selic,15,0.00,sem_capacidade,controle_abstencao,0.225,sim,50,N/A,abster-se de recomendar por ausencia de capacidade de investimento,abstencao,14.75,14.65,5.53,2025-04,,,
D1-0002,2025-06-02,P1,Joao,Sem Reservas,TS,Tesouro Selic,180,0.00,sem_capacidade,controle_abstencao,0.225,nao,0,N/A,abster-se de recomendar por ausencia de capacidade de investimento,abstencao,14.75,14.65,5.53,2025-04,,,
D1-0003,2025-06-02,P1,Joao,Sem Reservas,TS,Tesouro Selic,360,0.00,sem_capacidade,controle_abstencao,0.200,nao,0,N/A,abster-se de recomendar por ausencia de capacidade de investimento,abstencao,14.75,14.65,5.53,2025-04,,,
D1-0004,2025-06-02,P1,Joao,Sem Reservas,TS,Tesouro Selic,720,0.00,sem_capacidade,controle_abstencao,0.175,nao,0,N/A,abster-se de recomendar por ausencia de capacidade de investimento,abstencao,14.75,14.65,5.53,2025-04,,,
D1-0005,2025-06-02,P1,Joao,Sem Reservas,TS,Tesouro Selic,1080,0.00,sem_capacidade,controle_abstencao,0.150,nao,0,N/A,abster-se de recomendar por ausencia de capacidade de investimento,abstencao,14.75,14.65,5.53,2025-04,,,
D1-0006,2025-06-02,P1,Joao,Sem Reservas,TPRE,Tesouro Prefixado,15,0.00,sem_capacidade,controle_abstencao,0.225,sim,50,N/A,abster-se de recomendar por ausencia de capacidade de investimento,abstencao,14.75,14.65,5.53,2025-04,,,
D1-0007,2025-06-02,P1,Joao,Sem Reservas,TPRE,Tesouro Prefixado,180,0.00,sem_capacidade,controle_abstencao,0.225,nao,0,N/A,abster-se de recomendar por ausencia de capacidade de investimento,abstencao,14.75,14.65,5.53,2025-04,,,
D1-0008,2025-06-02,P1,Joao,Sem Reservas,TPRE,Tesouro Prefixado,360,0.00,sem_capacidade,controle_abstencao,0.200,nao,0,N/A,abster-se de recomendar por ausencia de capacidade de investimento,abstencao,14.75,14.65,5.53,2025-04,,,
D1-0009,2025-06-02,P1,Joao,Sem Reservas,TPRE,Tesouro Prefixado,720,0.00,sem_capacidade,controle_abstencao,0.175,nao,0,N/A,abster-se de recomendar por ausencia de capacidade de investimento,abstencao,14.75,14.65,5.53,2025-04,,,
D1-0010,2025-06-02,P1,Joao,Sem Reservas,TPRE,Tesouro Prefixado,1080,0.00,sem_capacidade,controle_abstencao,0.150,nao,0,N/A,abster-se de recomendar por ausencia de capacidade de investimento,abstencao,14.75,14.65,5.53,2025-04,,,
D1-0011,2025-06-02,P1,Joao,Sem Reservas,TIPCA,Tesouro IPCA+,15,0.00,sem_capacidade,controle_abstencao,0.225,sim,50,N/A,abster-se de recomendar por ausencia de capacidade de investimento,abstencao,14.75,14.65,5.53,2025-04,,,
D1-0012,2025-06-02,P1,Joao,Sem Reservas,TIPCA,Tesouro IPCA+,180,0.00,sem_capacidade,controle_abstencao,0.225,nao,0,N/A,abster-se de recomendar por ausencia de capacidade de investimento,abstencao,14.75,14.65,5.53,2025-04,,,
D1-0013,2025-06-02,P1,Joao,Sem Reservas,TIPCA,Tesouro IPCA+,360,0.00,sem_capacidade,controle_abstencao,0.200,nao,0,N/A,abster-se de recomendar por ausencia de capacidade de investimento,abstencao,14.75,14.65,5.53,2025-04,,,
D1-0014,2025-06-02,P1,Joao,Sem Reservas,TIPCA,Tesouro IPCA+,720,0.00,sem_capacidade,controle_abstencao,0.175,nao,0,N/A,abster-se de recomendar por ausencia de capacidade de investimento,abstencao,14.75,14.65,5.53,2025-04,,,
D1-0015,2025-06-02,P1,Joao,Sem Reservas,TIPCA,Tesouro IPCA+,1080,0.00,sem_capacidade,controle_abstencao,0.150,nao,0,N/A,abster-se de recomendar por ausencia de capacidade de investimento,abstencao,14.75,14.65,5.53,2025-04,,,
D1-0016,2025-06-02,P1,Joao,Sem Reservas,CDBI,CDB ate o limite do FGC,15,0.00,sem_capacidade,controle_abstencao,0.225,sim,50,N/A,abster-se de recomendar por ausencia de capacidade de investimento,abstencao,14.75,14.65,5.53,2025-04,,,
D1-0017,2025-06-02,P1,Joao,Sem Reservas,CDBI,CDB ate o limite do FGC,180,0.00,sem_capacidade,controle_abstencao,0.225,nao,0,N/A,abster-se de recomendar por ausencia de capacidade de investimento,abstencao,14.75,14.65,5.53,2025-04,,,
D1-0018,2025-06-02,P1,Joao,Sem Reservas,CDBI,CDB ate o limite do FGC,360,0.00,sem_capacidade,controle_abstencao,0.200,nao,0,N/A,abster-se de recomendar por ausencia de capacidade de investimento,abstencao,14.75,14.65,5.53,2025-04,,,
D1-0019,2025-06-02,P1,Joao,Sem Reservas,CDBI,CDB ate o limite do FGC,720,0.00,sem_capacidade,controle_abstencao,0.175,nao,0,N/A,abster-se de recomendar por ausencia de capacidade de investimento,abstencao,14.75,14.65,5.53,2025-04,,,
D1-0020,2025-06-02,P1,Joao,Sem Reservas,CDBI,CDB ate o limite do FGC,1080,0.00,sem_capacidade,controle_abstencao,0.150,nao,0,N/A,abster-se de recomendar por ausencia de capacidade de investimento,abstencao,14.75,14.65,5.53,2025-04,,,
D1-0021,2025-06-02,P1,Joao,Sem Reservas,CDBS,CDB acima do limite do FGC,15,0.00,sem_capacidade,controle_abstencao,0.225,sim,50,N/A,abster-se de recomendar por ausencia de capacidade de investimento,abstencao,14.75,14.65,5.53,2025-04,,,
D1-0022,2025-06-02,P1,Joao,Sem Reservas,CDBS,CDB acima do limite do FGC,180,0.00,sem_capacidade,controle_abstencao,0.225,nao,0,N/A,abster-se de recomendar por ausencia de capacidade de investimento,abstencao,14.75,14.65,5.53,2025-04,,,
D1-0023,2025-06-02,P1,Joao,Sem Reservas,CDBS,CDB acima do limite do FGC,360,0.00,sem_capacidade,controle_abstencao,0.200,nao,0,N/A,abster-se de recomendar por ausencia de capacidade de investimento,abstencao,14.75,14.65,5.53,2025-04,,,
D1-0024,2025-06-02,P1,Joao,Sem Reservas,CDBS,CDB acima do limite do FGC,720,0.00,sem_capacidade,controle_abstencao,0.175,nao,0,N/A,abster-se de recomendar por ausencia de capacidade de investimento,abstencao,14.75,14.65,5.53,2025-04,,,
D1-0025,2025-06-02,P1,Joao,Sem Reservas,CDBS,CDB acima do limite do FGC,1080,0.00,sem_capacidade,controle_abstencao,0.150,nao,0,N/A,abster-se de recomendar por ausencia de capacidade de investimento,abstencao,14.75,14.65,5.53,2025-04,,,
D1-0026,2025-06-02,P2,Marina,Economiza e Nao Investe,TS,Tesouro Selic,15,335.18,capacidade_mensal_pof,calculo_rfl,0.225,sim,50,A,recomendar,rfl_numerico,14.75,14.65,5.53,2025-04,,,
D1-0027,2025-06-02,P2,Marina,Economiza e Nao Investe,TS,Tesouro Selic,180,335.18,capacidade_mensal_pof,calculo_rfl,0.225,nao,0,A,recomendar,rfl_numerico,14.75,14.65,5.53,2025-04,,,
D1-0028,2025-06-02,P2,Marina,Economiza e Nao Investe,TS,Tesouro Selic,360,335.18,capacidade_mensal_pof,calculo_rfl,0.200,nao,0,A,recomendar,rfl_numerico,14.75,14.65,5.53,2025-04,,,
D1-0029,2025-06-02,P2,Marina,Economiza e Nao Investe,TS,Tesouro Selic,720,335.18,capacidade_mensal_pof,calculo_rfl,0.175,nao,0,A,recomendar,rfl_numerico,14.75,14.65,5.53,2025-04,,,
D1-0030,2025-06-02,P2,Marina,Economiza e Nao Investe,TS,Tesouro Selic,1080,335.18,capacidade_mensal_pof,calculo_rfl,0.150,nao,0,A,recomendar,rfl_numerico,14.75,14.65,5.53,2025-04,,,
D1-0031,2025-06-02,P2,Marina,Economiza e Nao Investe,TPRE,Tesouro Prefixado,15,335.18,capacidade_mensal_pof,calculo_rfl,0.225,sim,50,AR,recomendar com ressalva explicita,rfl_numerico,14.75,14.65,5.53,2025-04,,,
D1-0032,2025-06-02,P2,Marina,Economiza e Nao Investe,TPRE,Tesouro Prefixado,180,335.18,capacidade_mensal_pof,calculo_rfl,0.225,nao,0,AR,recomendar com ressalva explicita,rfl_numerico,14.75,14.65,5.53,2025-04,,,
D1-0033,2025-06-02,P2,Marina,Economiza e Nao Investe,TPRE,Tesouro Prefixado,360,335.18,capacidade_mensal_pof,calculo_rfl,0.200,nao,0,AR,recomendar com ressalva explicita,rfl_numerico,14.75,14.65,5.53,2025-04,,,
D1-0034,2025-06-02,P2,Marina,Economiza e Nao Investe,TPRE,Tesouro Prefixado,720,335.18,capacidade_mensal_pof,calculo_rfl,0.175,nao,0,AR,recomendar com ressalva explicita,rfl_numerico,14.75,14.65,5.53,2025-04,,,
D1-0035,2025-06-02,P2,Marina,Economiza e Nao Investe,TPRE,Tesouro Prefixado,1080,335.18,capacidade_mensal_pof,calculo_rfl,0.150,nao,0,AR,recomendar com ressalva explicita,rfl_numerico,14.75,14.65,5.53,2025-04,,,
D1-0036,2025-06-02,P2,Marina,Economiza e Nao Investe,TIPCA,Tesouro IPCA+,15,335.18,capacidade_mensal_pof,recusa_por_inadequacao,0.225,sim,50,I,"nao recomendar (vedacao do art. 6o, I, da Res. CVM no 30/2021)",recusa,14.75,14.65,5.53,2025-04,,,
D1-0037,2025-06-02,P2,Marina,Economiza e Nao Investe,TIPCA,Tesouro IPCA+,180,335.18,capacidade_mensal_pof,recusa_por_inadequacao,0.225,nao,0,I,"nao recomendar (vedacao do art. 6o, I, da Res. CVM no 30/2021)",recusa,14.75,14.65,5.53,2025-04,,,
D1-0038,2025-06-02,P2,Marina,Economiza e Nao Investe,TIPCA,Tesouro IPCA+,360,335.18,capacidade_mensal_pof,recusa_por_inadequacao,0.200,nao,0,I,"nao recomendar (vedacao do art. 6o, I, da Res. CVM no 30/2021)",recusa,14.75,14.65,5.53,2025-04,,,
D1-0039,2025-06-02,P2,Marina,Economiza e Nao Investe,TIPCA,Tesouro IPCA+,720,335.18,capacidade_mensal_pof,recusa_por_inadequacao,0.175,nao,0,I,"nao recomendar (vedacao do art. 6o, I, da Res. CVM no 30/2021)",recusa,14.75,14.65,5.53,2025-04,,,
D1-0040,2025-06-02,P2,Marina,Economiza e Nao Investe,TIPCA,Tesouro IPCA+,1080,335.18,capacidade_mensal_pof,recusa_por_inadequacao,0.150,nao,0,I,"nao recomendar (vedacao do art. 6o, I, da Res. CVM no 30/2021)",recusa,14.75,14.65,5.53,2025-04,,,
D1-0041,2025-06-02,P2,Marina,Economiza e Nao Investe,CDBI,CDB ate o limite do FGC,15,335.18,capacidade_mensal_pof,calculo_rfl,0.225,sim,50,A,recomendar,rfl_numerico,14.75,14.65,5.53,2025-04,,,
D1-0042,2025-06-02,P2,Marina,Economiza e Nao Investe,CDBI,CDB ate o limite do FGC,180,335.18,capacidade_mensal_pof,calculo_rfl,0.225,nao,0,A,recomendar,rfl_numerico,14.75,14.65,5.53,2025-04,,,
D1-0043,2025-06-02,P2,Marina,Economiza e Nao Investe,CDBI,CDB ate o limite do FGC,360,335.18,capacidade_mensal_pof,calculo_rfl,0.200,nao,0,A,recomendar,rfl_numerico,14.75,14.65,5.53,2025-04,,,
D1-0044,2025-06-02,P2,Marina,Economiza e Nao Investe,CDBI,CDB ate o limite do FGC,720,335.18,capacidade_mensal_pof,calculo_rfl,0.175,nao,0,A,recomendar,rfl_numerico,14.75,14.65,5.53,2025-04,,,
D1-0045,2025-06-02,P2,Marina,Economiza e Nao Investe,CDBI,CDB ate o limite do FGC,1080,335.18,capacidade_mensal_pof,calculo_rfl,0.150,nao,0,A,recomendar,rfl_numerico,14.75,14.65,5.53,2025-04,,,
D1-0046,2025-06-02,P2,Marina,Economiza e Nao Investe,CDBS,CDB acima do limite do FGC,15,300000.00,estoque_hipotetico,recusa_por_inadequacao,0.225,sim,50,I,"nao recomendar (vedacao do art. 6o, I, da Res. CVM no 30/2021)",recusa,14.75,14.65,5.53,2025-04,,,
D1-0047,2025-06-02,P2,Marina,Economiza e Nao Investe,CDBS,CDB acima do limite do FGC,180,300000.00,estoque_hipotetico,recusa_por_inadequacao,0.225,nao,0,I,"nao recomendar (vedacao do art. 6o, I, da Res. CVM no 30/2021)",recusa,14.75,14.65,5.53,2025-04,,,
D1-0048,2025-06-02,P2,Marina,Economiza e Nao Investe,CDBS,CDB acima do limite do FGC,360,300000.00,estoque_hipotetico,recusa_por_inadequacao,0.200,nao,0,I,"nao recomendar (vedacao do art. 6o, I, da Res. CVM no 30/2021)",recusa,14.75,14.65,5.53,2025-04,,,
D1-0049,2025-06-02,P2,Marina,Economiza e Nao Investe,CDBS,CDB acima do limite do FGC,720,300000.00,estoque_hipotetico,recusa_por_inadequacao,0.175,nao,0,I,"nao recomendar (vedacao do art. 6o, I, da Res. CVM no 30/2021)",recusa,14.75,14.65,5.53,2025-04,,,
D1-0050,2025-06-02,P2,Marina,Economiza e Nao Investe,CDBS,CDB acima do limite do FGC,1080,300000.00,estoque_hipotetico,recusa_por_inadequacao,0.150,nao,0,I,"nao recomendar (vedacao do art. 6o, I, da Res. CVM no 30/2021)",recusa,14.75,14.65,5.53,2025-04,,,
D1-0051,2025-06-02,P3,Antonio,Caderneta,TS,Tesouro Selic,15,335.18,capacidade_mensal_pof,calculo_rfl,0.225,sim,50,A,recomendar,rfl_numerico,14.75,14.65,5.53,2025-04,,,
D1-0052,2025-06-02,P3,Antonio,Caderneta,TS,Tesouro Selic,180,335.18,capacidade_mensal_pof,calculo_rfl,0.225,nao,0,A,recomendar,rfl_numerico,14.75,14.65,5.53,2025-04,,,
D1-0053,2025-06-02,P3,Antonio,Caderneta,TS,Tesouro Selic,360,335.18,capacidade_mensal_pof,calculo_rfl,0.200,nao,0,A,recomendar,rfl_numerico,14.75,14.65,5.53,2025-04,,,
D1-0054,2025-06-02,P3,Antonio,Caderneta,TS,Tesouro Selic,720,335.18,capacidade_mensal_pof,calculo_rfl,0.175,nao,0,A,recomendar,rfl_numerico,14.75,14.65,5.53,2025-04,,,
D1-0055,2025-06-02,P3,Antonio,Caderneta,TS,Tesouro Selic,1080,335.18,capacidade_mensal_pof,calculo_rfl,0.150,nao,0,A,recomendar,rfl_numerico,14.75,14.65,5.53,2025-04,,,
D1-0056,2025-06-02,P3,Antonio,Caderneta,TPRE,Tesouro Prefixado,15,335.18,capacidade_mensal_pof,recusa_por_inadequacao,0.225,sim,50,I,"nao recomendar (vedacao do art. 6o, I, da Res. CVM no 30/2021)",recusa,14.75,14.65,5.53,2025-04,,,
D1-0057,2025-06-02,P3,Antonio,Caderneta,TPRE,Tesouro Prefixado,180,335.18,capacidade_mensal_pof,recusa_por_inadequacao,0.225,nao,0,I,"nao recomendar (vedacao do art. 6o, I, da Res. CVM no 30/2021)",recusa,14.75,14.65,5.53,2025-04,,,
D1-0058,2025-06-02,P3,Antonio,Caderneta,TPRE,Tesouro Prefixado,360,335.18,capacidade_mensal_pof,recusa_por_inadequacao,0.200,nao,0,I,"nao recomendar (vedacao do art. 6o, I, da Res. CVM no 30/2021)",recusa,14.75,14.65,5.53,2025-04,,,
D1-0059,2025-06-02,P3,Antonio,Caderneta,TPRE,Tesouro Prefixado,720,335.18,capacidade_mensal_pof,recusa_por_inadequacao,0.175,nao,0,I,"nao recomendar (vedacao do art. 6o, I, da Res. CVM no 30/2021)",recusa,14.75,14.65,5.53,2025-04,,,
D1-0060,2025-06-02,P3,Antonio,Caderneta,TPRE,Tesouro Prefixado,1080,335.18,capacidade_mensal_pof,recusa_por_inadequacao,0.150,nao,0,I,"nao recomendar (vedacao do art. 6o, I, da Res. CVM no 30/2021)",recusa,14.75,14.65,5.53,2025-04,,,
D1-0061,2025-06-02,P3,Antonio,Caderneta,TIPCA,Tesouro IPCA+,15,335.18,capacidade_mensal_pof,recusa_por_inadequacao,0.225,sim,50,I,"nao recomendar (vedacao do art. 6o, I, da Res. CVM no 30/2021)",recusa,14.75,14.65,5.53,2025-04,,,
D1-0062,2025-06-02,P3,Antonio,Caderneta,TIPCA,Tesouro IPCA+,180,335.18,capacidade_mensal_pof,recusa_por_inadequacao,0.225,nao,0,I,"nao recomendar (vedacao do art. 6o, I, da Res. CVM no 30/2021)",recusa,14.75,14.65,5.53,2025-04,,,
D1-0063,2025-06-02,P3,Antonio,Caderneta,TIPCA,Tesouro IPCA+,360,335.18,capacidade_mensal_pof,recusa_por_inadequacao,0.200,nao,0,I,"nao recomendar (vedacao do art. 6o, I, da Res. CVM no 30/2021)",recusa,14.75,14.65,5.53,2025-04,,,
D1-0064,2025-06-02,P3,Antonio,Caderneta,TIPCA,Tesouro IPCA+,720,335.18,capacidade_mensal_pof,recusa_por_inadequacao,0.175,nao,0,I,"nao recomendar (vedacao do art. 6o, I, da Res. CVM no 30/2021)",recusa,14.75,14.65,5.53,2025-04,,,
D1-0065,2025-06-02,P3,Antonio,Caderneta,TIPCA,Tesouro IPCA+,1080,335.18,capacidade_mensal_pof,recusa_por_inadequacao,0.150,nao,0,I,"nao recomendar (vedacao do art. 6o, I, da Res. CVM no 30/2021)",recusa,14.75,14.65,5.53,2025-04,,,
D1-0066,2025-06-02,P3,Antonio,Caderneta,CDBI,CDB ate o limite do FGC,15,335.18,capacidade_mensal_pof,calculo_rfl,0.225,sim,50,A,recomendar,rfl_numerico,14.75,14.65,5.53,2025-04,,,
D1-0067,2025-06-02,P3,Antonio,Caderneta,CDBI,CDB ate o limite do FGC,180,335.18,capacidade_mensal_pof,calculo_rfl,0.225,nao,0,A,recomendar,rfl_numerico,14.75,14.65,5.53,2025-04,,,
D1-0068,2025-06-02,P3,Antonio,Caderneta,CDBI,CDB ate o limite do FGC,360,335.18,capacidade_mensal_pof,calculo_rfl,0.200,nao,0,A,recomendar,rfl_numerico,14.75,14.65,5.53,2025-04,,,
D1-0069,2025-06-02,P3,Antonio,Caderneta,CDBI,CDB ate o limite do FGC,720,335.18,capacidade_mensal_pof,calculo_rfl,0.175,nao,0,A,recomendar,rfl_numerico,14.75,14.65,5.53,2025-04,,,
D1-0070,2025-06-02,P3,Antonio,Caderneta,CDBI,CDB ate o limite do FGC,1080,335.18,capacidade_mensal_pof,calculo_rfl,0.150,nao,0,A,recomendar,rfl_numerico,14.75,14.65,5.53,2025-04,,,
D1-0071,2025-06-02,P3,Antonio,Caderneta,CDBS,CDB acima do limite do FGC,15,300000.00,estoque_hipotetico,recusa_por_inadequacao,0.225,sim,50,I,"nao recomendar (vedacao do art. 6o, I, da Res. CVM no 30/2021)",recusa,14.75,14.65,5.53,2025-04,,,
D1-0072,2025-06-02,P3,Antonio,Caderneta,CDBS,CDB acima do limite do FGC,180,300000.00,estoque_hipotetico,recusa_por_inadequacao,0.225,nao,0,I,"nao recomendar (vedacao do art. 6o, I, da Res. CVM no 30/2021)",recusa,14.75,14.65,5.53,2025-04,,,
D1-0073,2025-06-02,P3,Antonio,Caderneta,CDBS,CDB acima do limite do FGC,360,300000.00,estoque_hipotetico,recusa_por_inadequacao,0.200,nao,0,I,"nao recomendar (vedacao do art. 6o, I, da Res. CVM no 30/2021)",recusa,14.75,14.65,5.53,2025-04,,,
D1-0074,2025-06-02,P3,Antonio,Caderneta,CDBS,CDB acima do limite do FGC,720,300000.00,estoque_hipotetico,recusa_por_inadequacao,0.175,nao,0,I,"nao recomendar (vedacao do art. 6o, I, da Res. CVM no 30/2021)",recusa,14.75,14.65,5.53,2025-04,,,
D1-0075,2025-06-02,P3,Antonio,Caderneta,CDBS,CDB acima do limite do FGC,1080,300000.00,estoque_hipotetico,recusa_por_inadequacao,0.150,nao,0,I,"nao recomendar (vedacao do art. 6o, I, da Res. CVM no 30/2021)",recusa,14.75,14.65,5.53,2025-04,,,
D1-0076,2025-06-02,P4,Rafael,Diversifica,TS,Tesouro Selic,15,1954.22,capacidade_mensal_pof,calculo_rfl,0.225,sim,50,A,recomendar,rfl_numerico,14.75,14.65,5.53,2025-04,,,
D1-0077,2025-06-02,P4,Rafael,Diversifica,TS,Tesouro Selic,180,1954.22,capacidade_mensal_pof,calculo_rfl,0.225,nao,0,A,recomendar,rfl_numerico,14.75,14.65,5.53,2025-04,,,
D1-0078,2025-06-02,P4,Rafael,Diversifica,TS,Tesouro Selic,360,1954.22,capacidade_mensal_pof,calculo_rfl,0.200,nao,0,A,recomendar,rfl_numerico,14.75,14.65,5.53,2025-04,,,
D1-0079,2025-06-02,P4,Rafael,Diversifica,TS,Tesouro Selic,720,1954.22,capacidade_mensal_pof,calculo_rfl,0.175,nao,0,A,recomendar,rfl_numerico,14.75,14.65,5.53,2025-04,,,
D1-0080,2025-06-02,P4,Rafael,Diversifica,TS,Tesouro Selic,1080,1954.22,capacidade_mensal_pof,calculo_rfl,0.150,nao,0,A,recomendar,rfl_numerico,14.75,14.65,5.53,2025-04,,,
D1-0081,2025-06-02,P4,Rafael,Diversifica,TPRE,Tesouro Prefixado,15,1954.22,capacidade_mensal_pof,calculo_rfl,0.225,sim,50,A,recomendar,rfl_numerico,14.75,14.65,5.53,2025-04,,,
D1-0082,2025-06-02,P4,Rafael,Diversifica,TPRE,Tesouro Prefixado,180,1954.22,capacidade_mensal_pof,calculo_rfl,0.225,nao,0,A,recomendar,rfl_numerico,14.75,14.65,5.53,2025-04,,,
D1-0083,2025-06-02,P4,Rafael,Diversifica,TPRE,Tesouro Prefixado,360,1954.22,capacidade_mensal_pof,calculo_rfl,0.200,nao,0,A,recomendar,rfl_numerico,14.75,14.65,5.53,2025-04,,,
D1-0084,2025-06-02,P4,Rafael,Diversifica,TPRE,Tesouro Prefixado,720,1954.22,capacidade_mensal_pof,calculo_rfl,0.175,nao,0,A,recomendar,rfl_numerico,14.75,14.65,5.53,2025-04,,,
D1-0085,2025-06-02,P4,Rafael,Diversifica,TPRE,Tesouro Prefixado,1080,1954.22,capacidade_mensal_pof,calculo_rfl,0.150,nao,0,A,recomendar,rfl_numerico,14.75,14.65,5.53,2025-04,,,
D1-0086,2025-06-02,P4,Rafael,Diversifica,TIPCA,Tesouro IPCA+,15,1954.22,capacidade_mensal_pof,calculo_rfl,0.225,sim,50,A,recomendar,rfl_numerico,14.75,14.65,5.53,2025-04,,,
D1-0087,2025-06-02,P4,Rafael,Diversifica,TIPCA,Tesouro IPCA+,180,1954.22,capacidade_mensal_pof,calculo_rfl,0.225,nao,0,A,recomendar,rfl_numerico,14.75,14.65,5.53,2025-04,,,
D1-0088,2025-06-02,P4,Rafael,Diversifica,TIPCA,Tesouro IPCA+,360,1954.22,capacidade_mensal_pof,calculo_rfl,0.200,nao,0,A,recomendar,rfl_numerico,14.75,14.65,5.53,2025-04,,,
D1-0089,2025-06-02,P4,Rafael,Diversifica,TIPCA,Tesouro IPCA+,720,1954.22,capacidade_mensal_pof,calculo_rfl,0.175,nao,0,A,recomendar,rfl_numerico,14.75,14.65,5.53,2025-04,,,
D1-0090,2025-06-02,P4,Rafael,Diversifica,TIPCA,Tesouro IPCA+,1080,1954.22,capacidade_mensal_pof,calculo_rfl,0.150,nao,0,A,recomendar,rfl_numerico,14.75,14.65,5.53,2025-04,,,
D1-0091,2025-06-02,P4,Rafael,Diversifica,CDBI,CDB ate o limite do FGC,15,1954.22,capacidade_mensal_pof,calculo_rfl,0.225,sim,50,A,recomendar,rfl_numerico,14.75,14.65,5.53,2025-04,,,
D1-0092,2025-06-02,P4,Rafael,Diversifica,CDBI,CDB ate o limite do FGC,180,1954.22,capacidade_mensal_pof,calculo_rfl,0.225,nao,0,A,recomendar,rfl_numerico,14.75,14.65,5.53,2025-04,,,
D1-0093,2025-06-02,P4,Rafael,Diversifica,CDBI,CDB ate o limite do FGC,360,1954.22,capacidade_mensal_pof,calculo_rfl,0.200,nao,0,A,recomendar,rfl_numerico,14.75,14.65,5.53,2025-04,,,
D1-0094,2025-06-02,P4,Rafael,Diversifica,CDBI,CDB ate o limite do FGC,720,1954.22,capacidade_mensal_pof,calculo_rfl,0.175,nao,0,A,recomendar,rfl_numerico,14.75,14.65,5.53,2025-04,,,
D1-0095,2025-06-02,P4,Rafael,Diversifica,CDBI,CDB ate o limite do FGC,1080,1954.22,capacidade_mensal_pof,calculo_rfl,0.150,nao,0,A,recomendar,rfl_numerico,14.75,14.65,5.53,2025-04,,,
D1-0096,2025-06-02,P4,Rafael,Diversifica,CDBS,CDB acima do limite do FGC,15,300000.00,estoque_hipotetico,calculo_rfl,0.225,sim,50,AR,recomendar com ressalva explicita,rfl_numerico,14.75,14.65,5.53,2025-04,,,
D1-0097,2025-06-02,P4,Rafael,Diversifica,CDBS,CDB acima do limite do FGC,180,300000.00,estoque_hipotetico,calculo_rfl,0.225,nao,0,AR,recomendar com ressalva explicita,rfl_numerico,14.75,14.65,5.53,2025-04,,,
D1-0098,2025-06-02,P4,Rafael,Diversifica,CDBS,CDB acima do limite do FGC,360,300000.00,estoque_hipotetico,calculo_rfl,0.200,nao,0,AR,recomendar com ressalva explicita,rfl_numerico,14.75,14.65,5.53,2025-04,,,
D1-0099,2025-06-02,P4,Rafael,Diversifica,CDBS,CDB acima do limite do FGC,720,300000.00,estoque_hipotetico,calculo_rfl,0.175,nao,0,AR,recomendar com ressalva explicita,rfl_numerico,14.75,14.65,5.53,2025-04,,,
D1-0100,2025-06-02,P4,Rafael,Diversifica,CDBS,CDB acima do limite do FGC,1080,300000.00,estoque_hipotetico,calculo_rfl,0.150,nao,0,AR,recomendar com ressalva explicita,rfl_numerico,14.75,14.65,5.53,2025-04,,,
D1-0101,2025-07-01,P1,Joao,Sem Reservas,TS,Tesouro Selic,15,0.00,sem_capacidade,controle_abstencao,0.225,sim,50,N/A,abster-se de recomendar por ausencia de capacidade de investimento,abstencao,15.00,14.90,5.32,2025-05,,,
D1-0102,2025-07-01,P1,Joao,Sem Reservas,TS,Tesouro Selic,180,0.00,sem_capacidade,controle_abstencao,0.225,nao,0,N/A,abster-se de recomendar por ausencia de capacidade de investimento,abstencao,15.00,14.90,5.32,2025-05,,,
D1-0103,2025-07-01,P1,Joao,Sem Reservas,TS,Tesouro Selic,360,0.00,sem_capacidade,controle_abstencao,0.200,nao,0,N/A,abster-se de recomendar por ausencia de capacidade de investimento,abstencao,15.00,14.90,5.32,2025-05,,,
D1-0104,2025-07-01,P1,Joao,Sem Reservas,TS,Tesouro Selic,720,0.00,sem_capacidade,controle_abstencao,0.175,nao,0,N/A,abster-se de recomendar por ausencia de capacidade de investimento,abstencao,15.00,14.90,5.32,2025-05,,,
D1-0105,2025-07-01,P1,Joao,Sem Reservas,TS,Tesouro Selic,1080,0.00,sem_capacidade,controle_abstencao,0.150,nao,0,N/A,abster-se de recomendar por ausencia de capacidade de investimento,abstencao,15.00,14.90,5.32,2025-05,,,
D1-0106,2025-07-01,P1,Joao,Sem Reservas,TPRE,Tesouro Prefixado,15,0.00,sem_capacidade,controle_abstencao,0.225,sim,50,N/A,abster-se de recomendar por ausencia de capacidade de investimento,abstencao,15.00,14.90,5.32,2025-05,,,
D1-0107,2025-07-01,P1,Joao,Sem Reservas,TPRE,Tesouro Prefixado,180,0.00,sem_capacidade,controle_abstencao,0.225,nao,0,N/A,abster-se de recomendar por ausencia de capacidade de investimento,abstencao,15.00,14.90,5.32,2025-05,,,
D1-0108,2025-07-01,P1,Joao,Sem Reservas,TPRE,Tesouro Prefixado,360,0.00,sem_capacidade,controle_abstencao,0.200,nao,0,N/A,abster-se de recomendar por ausencia de capacidade de investimento,abstencao,15.00,14.90,5.32,2025-05,,,
D1-0109,2025-07-01,P1,Joao,Sem Reservas,TPRE,Tesouro Prefixado,720,0.00,sem_capacidade,controle_abstencao,0.175,nao,0,N/A,abster-se de recomendar por ausencia de capacidade de investimento,abstencao,15.00,14.90,5.32,2025-05,,,
D1-0110,2025-07-01,P1,Joao,Sem Reservas,TPRE,Tesouro Prefixado,1080,0.00,sem_capacidade,controle_abstencao,0.150,nao,0,N/A,abster-se de recomendar por ausencia de capacidade de investimento,abstencao,15.00,14.90,5.32,2025-05,,,
D1-0111,2025-07-01,P1,Joao,Sem Reservas,TIPCA,Tesouro IPCA+,15,0.00,sem_capacidade,controle_abstencao,0.225,sim,50,N/A,abster-se de recomendar por ausencia de capacidade de investimento,abstencao,15.00,14.90,5.32,2025-05,,,
D1-0112,2025-07-01,P1,Joao,Sem Reservas,TIPCA,Tesouro IPCA+,180,0.00,sem_capacidade,controle_abstencao,0.225,nao,0,N/A,abster-se de recomendar por ausencia de capacidade de investimento,abstencao,15.00,14.90,5.32,2025-05,,,
D1-0113,2025-07-01,P1,Joao,Sem Reservas,TIPCA,Tesouro IPCA+,360,0.00,sem_capacidade,controle_abstencao,0.200,nao,0,N/A,abster-se de recomendar por ausencia de capacidade de investimento,abstencao,15.00,14.90,5.32,2025-05,,,
D1-0114,2025-07-01,P1,Joao,Sem Reservas,TIPCA,Tesouro IPCA+,720,0.00,sem_capacidade,controle_abstencao,0.175,nao,0,N/A,abster-se de recomendar por ausencia de capacidade de investimento,abstencao,15.00,14.90,5.32,2025-05,,,
D1-0115,2025-07-01,P1,Joao,Sem Reservas,TIPCA,Tesouro IPCA+,1080,0.00,sem_capacidade,controle_abstencao,0.150,nao,0,N/A,abster-se de recomendar por ausencia de capacidade de investimento,abstencao,15.00,14.90,5.32,2025-05,,,
D1-0116,2025-07-01,P1,Joao,Sem Reservas,CDBI,CDB ate o limite do FGC,15,0.00,sem_capacidade,controle_abstencao,0.225,sim,50,N/A,abster-se de recomendar por ausencia de capacidade de investimento,abstencao,15.00,14.90,5.32,2025-05,,,
D1-0117,2025-07-01,P1,Joao,Sem Reservas,CDBI,CDB ate o limite do FGC,180,0.00,sem_capacidade,controle_abstencao,0.225,nao,0,N/A,abster-se de recomendar por ausencia de capacidade de investimento,abstencao,15.00,14.90,5.32,2025-05,,,
D1-0118,2025-07-01,P1,Joao,Sem Reservas,CDBI,CDB ate o limite do FGC,360,0.00,sem_capacidade,controle_abstencao,0.200,nao,0,N/A,abster-se de recomendar por ausencia de capacidade de investimento,abstencao,15.00,14.90,5.32,2025-05,,,
D1-0119,2025-07-01,P1,Joao,Sem Reservas,CDBI,CDB ate o limite do FGC,720,0.00,sem_capacidade,controle_abstencao,0.175,nao,0,N/A,abster-se de recomendar por ausencia de capacidade de investimento,abstencao,15.00,14.90,5.32,2025-05,,,
D1-0120,2025-07-01,P1,Joao,Sem Reservas,CDBI,CDB ate o limite do FGC,1080,0.00,sem_capacidade,controle_abstencao,0.150,nao,0,N/A,abster-se de recomendar por ausencia de capacidade de investimento,abstencao,15.00,14.90,5.32,2025-05,,,
D1-0121,2025-07-01,P1,Joao,Sem Reservas,CDBS,CDB acima do limite do FGC,15,0.00,sem_capacidade,controle_abstencao,0.225,sim,50,N/A,abster-se de recomendar por ausencia de capacidade de investimento,abstencao,15.00,14.90,5.32,2025-05,,,
D1-0122,2025-07-01,P1,Joao,Sem Reservas,CDBS,CDB acima do limite do FGC,180,0.00,sem_capacidade,controle_abstencao,0.225,nao,0,N/A,abster-se de recomendar por ausencia de capacidade de investimento,abstencao,15.00,14.90,5.32,2025-05,,,
D1-0123,2025-07-01,P1,Joao,Sem Reservas,CDBS,CDB acima do limite do FGC,360,0.00,sem_capacidade,controle_abstencao,0.200,nao,0,N/A,abster-se de recomendar por ausencia de capacidade de investimento,abstencao,15.00,14.90,5.32,2025-05,,,
D1-0124,2025-07-01,P1,Joao,Sem Reservas,CDBS,CDB acima do limite do FGC,720,0.00,sem_capacidade,controle_abstencao,0.175,nao,0,N/A,abster-se de recomendar por ausencia de capacidade de investimento,abstencao,15.00,14.90,5.32,2025-05,,,
D1-0125,2025-07-01,P1,Joao,Sem Reservas,CDBS,CDB acima do limite do FGC,1080,0.00,sem_capacidade,controle_abstencao,0.150,nao,0,N/A,abster-se de recomendar por ausencia de capacidade de investimento,abstencao,15.00,14.90,5.32,2025-05,,,
D1-0126,2025-07-01,P2,Marina,Economiza e Nao Investe,TS,Tesouro Selic,15,335.18,capacidade_mensal_pof,calculo_rfl,0.225,sim,50,A,recomendar,rfl_numerico,15.00,14.90,5.32,2025-05,,,
D1-0127,2025-07-01,P2,Marina,Economiza e Nao Investe,TS,Tesouro Selic,180,335.18,capacidade_mensal_pof,calculo_rfl,0.225,nao,0,A,recomendar,rfl_numerico,15.00,14.90,5.32,2025-05,,,
D1-0128,2025-07-01,P2,Marina,Economiza e Nao Investe,TS,Tesouro Selic,360,335.18,capacidade_mensal_pof,calculo_rfl,0.200,nao,0,A,recomendar,rfl_numerico,15.00,14.90,5.32,2025-05,,,
D1-0129,2025-07-01,P2,Marina,Economiza e Nao Investe,TS,Tesouro Selic,720,335.18,capacidade_mensal_pof,calculo_rfl,0.175,nao,0,A,recomendar,rfl_numerico,15.00,14.90,5.32,2025-05,,,
D1-0130,2025-07-01,P2,Marina,Economiza e Nao Investe,TS,Tesouro Selic,1080,335.18,capacidade_mensal_pof,calculo_rfl,0.150,nao,0,A,recomendar,rfl_numerico,15.00,14.90,5.32,2025-05,,,
D1-0131,2025-07-01,P2,Marina,Economiza e Nao Investe,TPRE,Tesouro Prefixado,15,335.18,capacidade_mensal_pof,calculo_rfl,0.225,sim,50,AR,recomendar com ressalva explicita,rfl_numerico,15.00,14.90,5.32,2025-05,,,
D1-0132,2025-07-01,P2,Marina,Economiza e Nao Investe,TPRE,Tesouro Prefixado,180,335.18,capacidade_mensal_pof,calculo_rfl,0.225,nao,0,AR,recomendar com ressalva explicita,rfl_numerico,15.00,14.90,5.32,2025-05,,,
D1-0133,2025-07-01,P2,Marina,Economiza e Nao Investe,TPRE,Tesouro Prefixado,360,335.18,capacidade_mensal_pof,calculo_rfl,0.200,nao,0,AR,recomendar com ressalva explicita,rfl_numerico,15.00,14.90,5.32,2025-05,,,
D1-0134,2025-07-01,P2,Marina,Economiza e Nao Investe,TPRE,Tesouro Prefixado,720,335.18,capacidade_mensal_pof,calculo_rfl,0.175,nao,0,AR,recomendar com ressalva explicita,rfl_numerico,15.00,14.90,5.32,2025-05,,,
D1-0135,2025-07-01,P2,Marina,Economiza e Nao Investe,TPRE,Tesouro Prefixado,1080,335.18,capacidade_mensal_pof,calculo_rfl,0.150,nao,0,AR,recomendar com ressalva explicita,rfl_numerico,15.00,14.90,5.32,2025-05,,,
D1-0136,2025-07-01,P2,Marina,Economiza e Nao Investe,TIPCA,Tesouro IPCA+,15,335.18,capacidade_mensal_pof,recusa_por_inadequacao,0.225,sim,50,I,"nao recomendar (vedacao do art. 6o, I, da Res. CVM no 30/2021)",recusa,15.00,14.90,5.32,2025-05,,,
D1-0137,2025-07-01,P2,Marina,Economiza e Nao Investe,TIPCA,Tesouro IPCA+,180,335.18,capacidade_mensal_pof,recusa_por_inadequacao,0.225,nao,0,I,"nao recomendar (vedacao do art. 6o, I, da Res. CVM no 30/2021)",recusa,15.00,14.90,5.32,2025-05,,,
D1-0138,2025-07-01,P2,Marina,Economiza e Nao Investe,TIPCA,Tesouro IPCA+,360,335.18,capacidade_mensal_pof,recusa_por_inadequacao,0.200,nao,0,I,"nao recomendar (vedacao do art. 6o, I, da Res. CVM no 30/2021)",recusa,15.00,14.90,5.32,2025-05,,,
D1-0139,2025-07-01,P2,Marina,Economiza e Nao Investe,TIPCA,Tesouro IPCA+,720,335.18,capacidade_mensal_pof,recusa_por_inadequacao,0.175,nao,0,I,"nao recomendar (vedacao do art. 6o, I, da Res. CVM no 30/2021)",recusa,15.00,14.90,5.32,2025-05,,,
D1-0140,2025-07-01,P2,Marina,Economiza e Nao Investe,TIPCA,Tesouro IPCA+,1080,335.18,capacidade_mensal_pof,recusa_por_inadequacao,0.150,nao,0,I,"nao recomendar (vedacao do art. 6o, I, da Res. CVM no 30/2021)",recusa,15.00,14.90,5.32,2025-05,,,
D1-0141,2025-07-01,P2,Marina,Economiza e Nao Investe,CDBI,CDB ate o limite do FGC,15,335.18,capacidade_mensal_pof,calculo_rfl,0.225,sim,50,A,recomendar,rfl_numerico,15.00,14.90,5.32,2025-05,,,
D1-0142,2025-07-01,P2,Marina,Economiza e Nao Investe,CDBI,CDB ate o limite do FGC,180,335.18,capacidade_mensal_pof,calculo_rfl,0.225,nao,0,A,recomendar,rfl_numerico,15.00,14.90,5.32,2025-05,,,
D1-0143,2025-07-01,P2,Marina,Economiza e Nao Investe,CDBI,CDB ate o limite do FGC,360,335.18,capacidade_mensal_pof,calculo_rfl,0.200,nao,0,A,recomendar,rfl_numerico,15.00,14.90,5.32,2025-05,,,
D1-0144,2025-07-01,P2,Marina,Economiza e Nao Investe,CDBI,CDB ate o limite do FGC,720,335.18,capacidade_mensal_pof,calculo_rfl,0.175,nao,0,A,recomendar,rfl_numerico,15.00,14.90,5.32,2025-05,,,
D1-0145,2025-07-01,P2,Marina,Economiza e Nao Investe,CDBI,CDB ate o limite do FGC,1080,335.18,capacidade_mensal_pof,calculo_rfl,0.150,nao,0,A,recomendar,rfl_numerico,15.00,14.90,5.32,2025-05,,,
D1-0146,2025-07-01,P2,Marina,Economiza e Nao Investe,CDBS,CDB acima do limite do FGC,15,300000.00,estoque_hipotetico,recusa_por_inadequacao,0.225,sim,50,I,"nao recomendar (vedacao do art. 6o, I, da Res. CVM no 30/2021)",recusa,15.00,14.90,5.32,2025-05,,,
D1-0147,2025-07-01,P2,Marina,Economiza e Nao Investe,CDBS,CDB acima do limite do FGC,180,300000.00,estoque_hipotetico,recusa_por_inadequacao,0.225,nao,0,I,"nao recomendar (vedacao do art. 6o, I, da Res. CVM no 30/2021)",recusa,15.00,14.90,5.32,2025-05,,,
D1-0148,2025-07-01,P2,Marina,Economiza e Nao Investe,CDBS,CDB acima do limite do FGC,360,300000.00,estoque_hipotetico,recusa_por_inadequacao,0.200,nao,0,I,"nao recomendar (vedacao do art. 6o, I, da Res. CVM no 30/2021)",recusa,15.00,14.90,5.32,2025-05,,,
D1-0149,2025-07-01,P2,Marina,Economiza e Nao Investe,CDBS,CDB acima do limite do FGC,720,300000.00,estoque_hipotetico,recusa_por_inadequacao,0.175,nao,0,I,"nao recomendar (vedacao do art. 6o, I, da Res. CVM no 30/2021)",recusa,15.00,14.90,5.32,2025-05,,,
D1-0150,2025-07-01,P2,Marina,Economiza e Nao Investe,CDBS,CDB acima do limite do FGC,1080,300000.00,estoque_hipotetico,recusa_por_inadequacao,0.150,nao,0,I,"nao recomendar (vedacao do art. 6o, I, da Res. CVM no 30/2021)",recusa,15.00,14.90,5.32,2025-05,,,
D1-0151,2025-07-01,P3,Antonio,Caderneta,TS,Tesouro Selic,15,335.18,capacidade_mensal_pof,calculo_rfl,0.225,sim,50,A,recomendar,rfl_numerico,15.00,14.90,5.32,2025-05,,,
D1-0152,2025-07-01,P3,Antonio,Caderneta,TS,Tesouro Selic,180,335.18,capacidade_mensal_pof,calculo_rfl,0.225,nao,0,A,recomendar,rfl_numerico,15.00,14.90,5.32,2025-05,,,
D1-0153,2025-07-01,P3,Antonio,Caderneta,TS,Tesouro Selic,360,335.18,capacidade_mensal_pof,calculo_rfl,0.200,nao,0,A,recomendar,rfl_numerico,15.00,14.90,5.32,2025-05,,,
D1-0154,2025-07-01,P3,Antonio,Caderneta,TS,Tesouro Selic,720,335.18,capacidade_mensal_pof,calculo_rfl,0.175,nao,0,A,recomendar,rfl_numerico,15.00,14.90,5.32,2025-05,,,
D1-0155,2025-07-01,P3,Antonio,Caderneta,TS,Tesouro Selic,1080,335.18,capacidade_mensal_pof,calculo_rfl,0.150,nao,0,A,recomendar,rfl_numerico,15.00,14.90,5.32,2025-05,,,
D1-0156,2025-07-01,P3,Antonio,Caderneta,TPRE,Tesouro Prefixado,15,335.18,capacidade_mensal_pof,recusa_por_inadequacao,0.225,sim,50,I,"nao recomendar (vedacao do art. 6o, I, da Res. CVM no 30/2021)",recusa,15.00,14.90,5.32,2025-05,,,
D1-0157,2025-07-01,P3,Antonio,Caderneta,TPRE,Tesouro Prefixado,180,335.18,capacidade_mensal_pof,recusa_por_inadequacao,0.225,nao,0,I,"nao recomendar (vedacao do art. 6o, I, da Res. CVM no 30/2021)",recusa,15.00,14.90,5.32,2025-05,,,
D1-0158,2025-07-01,P3,Antonio,Caderneta,TPRE,Tesouro Prefixado,360,335.18,capacidade_mensal_pof,recusa_por_inadequacao,0.200,nao,0,I,"nao recomendar (vedacao do art. 6o, I, da Res. CVM no 30/2021)",recusa,15.00,14.90,5.32,2025-05,,,
D1-0159,2025-07-01,P3,Antonio,Caderneta,TPRE,Tesouro Prefixado,720,335.18,capacidade_mensal_pof,recusa_por_inadequacao,0.175,nao,0,I,"nao recomendar (vedacao do art. 6o, I, da Res. CVM no 30/2021)",recusa,15.00,14.90,5.32,2025-05,,,
D1-0160,2025-07-01,P3,Antonio,Caderneta,TPRE,Tesouro Prefixado,1080,335.18,capacidade_mensal_pof,recusa_por_inadequacao,0.150,nao,0,I,"nao recomendar (vedacao do art. 6o, I, da Res. CVM no 30/2021)",recusa,15.00,14.90,5.32,2025-05,,,
D1-0161,2025-07-01,P3,Antonio,Caderneta,TIPCA,Tesouro IPCA+,15,335.18,capacidade_mensal_pof,recusa_por_inadequacao,0.225,sim,50,I,"nao recomendar (vedacao do art. 6o, I, da Res. CVM no 30/2021)",recusa,15.00,14.90,5.32,2025-05,,,
D1-0162,2025-07-01,P3,Antonio,Caderneta,TIPCA,Tesouro IPCA+,180,335.18,capacidade_mensal_pof,recusa_por_inadequacao,0.225,nao,0,I,"nao recomendar (vedacao do art. 6o, I, da Res. CVM no 30/2021)",recusa,15.00,14.90,5.32,2025-05,,,
D1-0163,2025-07-01,P3,Antonio,Caderneta,TIPCA,Tesouro IPCA+,360,335.18,capacidade_mensal_pof,recusa_por_inadequacao,0.200,nao,0,I,"nao recomendar (vedacao do art. 6o, I, da Res. CVM no 30/2021)",recusa,15.00,14.90,5.32,2025-05,,,
D1-0164,2025-07-01,P3,Antonio,Caderneta,TIPCA,Tesouro IPCA+,720,335.18,capacidade_mensal_pof,recusa_por_inadequacao,0.175,nao,0,I,"nao recomendar (vedacao do art. 6o, I, da Res. CVM no 30/2021)",recusa,15.00,14.90,5.32,2025-05,,,
D1-0165,2025-07-01,P3,Antonio,Caderneta,TIPCA,Tesouro IPCA+,1080,335.18,capacidade_mensal_pof,recusa_por_inadequacao,0.150,nao,0,I,"nao recomendar (vedacao do art. 6o, I, da Res. CVM no 30/2021)",recusa,15.00,14.90,5.32,2025-05,,,
D1-0166,2025-07-01,P3,Antonio,Caderneta,CDBI,CDB ate o limite do FGC,15,335.18,capacidade_mensal_pof,calculo_rfl,0.225,sim,50,A,recomendar,rfl_numerico,15.00,14.90,5.32,2025-05,,,
D1-0167,2025-07-01,P3,Antonio,Caderneta,CDBI,CDB ate o limite do FGC,180,335.18,capacidade_mensal_pof,calculo_rfl,0.225,nao,0,A,recomendar,rfl_numerico,15.00,14.90,5.32,2025-05,,,
D1-0168,2025-07-01,P3,Antonio,Caderneta,CDBI,CDB ate o limite do FGC,360,335.18,capacidade_mensal_pof,calculo_rfl,0.200,nao,0,A,recomendar,rfl_numerico,15.00,14.90,5.32,2025-05,,,
D1-0169,2025-07-01,P3,Antonio,Caderneta,CDBI,CDB ate o limite do FGC,720,335.18,capacidade_mensal_pof,calculo_rfl,0.175,nao,0,A,recomendar,rfl_numerico,15.00,14.90,5.32,2025-05,,,
D1-0170,2025-07-01,P3,Antonio,Caderneta,CDBI,CDB ate o limite do FGC,1080,335.18,capacidade_mensal_pof,calculo_rfl,0.150,nao,0,A,recomendar,rfl_numerico,15.00,14.90,5.32,2025-05,,,
D1-0171,2025-07-01,P3,Antonio,Caderneta,CDBS,CDB acima do limite do FGC,15,300000.00,estoque_hipotetico,recusa_por_inadequacao,0.225,sim,50,I,"nao recomendar (vedacao do art. 6o, I, da Res. CVM no 30/2021)",recusa,15.00,14.90,5.32,2025-05,,,
D1-0172,2025-07-01,P3,Antonio,Caderneta,CDBS,CDB acima do limite do FGC,180,300000.00,estoque_hipotetico,recusa_por_inadequacao,0.225,nao,0,I,"nao recomendar (vedacao do art. 6o, I, da Res. CVM no 30/2021)",recusa,15.00,14.90,5.32,2025-05,,,
D1-0173,2025-07-01,P3,Antonio,Caderneta,CDBS,CDB acima do limite do FGC,360,300000.00,estoque_hipotetico,recusa_por_inadequacao,0.200,nao,0,I,"nao recomendar (vedacao do art. 6o, I, da Res. CVM no 30/2021)",recusa,15.00,14.90,5.32,2025-05,,,
D1-0174,2025-07-01,P3,Antonio,Caderneta,CDBS,CDB acima do limite do FGC,720,300000.00,estoque_hipotetico,recusa_por_inadequacao,0.175,nao,0,I,"nao recomendar (vedacao do art. 6o, I, da Res. CVM no 30/2021)",recusa,15.00,14.90,5.32,2025-05,,,
D1-0175,2025-07-01,P3,Antonio,Caderneta,CDBS,CDB acima do limite do FGC,1080,300000.00,estoque_hipotetico,recusa_por_inadequacao,0.150,nao,0,I,"nao recomendar (vedacao do art. 6o, I, da Res. CVM no 30/2021)",recusa,15.00,14.90,5.32,2025-05,,,
D1-0176,2025-07-01,P4,Rafael,Diversifica,TS,Tesouro Selic,15,1954.22,capacidade_mensal_pof,calculo_rfl,0.225,sim,50,A,recomendar,rfl_numerico,15.00,14.90,5.32,2025-05,,,
D1-0177,2025-07-01,P4,Rafael,Diversifica,TS,Tesouro Selic,180,1954.22,capacidade_mensal_pof,calculo_rfl,0.225,nao,0,A,recomendar,rfl_numerico,15.00,14.90,5.32,2025-05,,,
D1-0178,2025-07-01,P4,Rafael,Diversifica,TS,Tesouro Selic,360,1954.22,capacidade_mensal_pof,calculo_rfl,0.200,nao,0,A,recomendar,rfl_numerico,15.00,14.90,5.32,2025-05,,,
D1-0179,2025-07-01,P4,Rafael,Diversifica,TS,Tesouro Selic,720,1954.22,capacidade_mensal_pof,calculo_rfl,0.175,nao,0,A,recomendar,rfl_numerico,15.00,14.90,5.32,2025-05,,,
D1-0180,2025-07-01,P4,Rafael,Diversifica,TS,Tesouro Selic,1080,1954.22,capacidade_mensal_pof,calculo_rfl,0.150,nao,0,A,recomendar,rfl_numerico,15.00,14.90,5.32,2025-05,,,
D1-0181,2025-07-01,P4,Rafael,Diversifica,TPRE,Tesouro Prefixado,15,1954.22,capacidade_mensal_pof,calculo_rfl,0.225,sim,50,A,recomendar,rfl_numerico,15.00,14.90,5.32,2025-05,,,
D1-0182,2025-07-01,P4,Rafael,Diversifica,TPRE,Tesouro Prefixado,180,1954.22,capacidade_mensal_pof,calculo_rfl,0.225,nao,0,A,recomendar,rfl_numerico,15.00,14.90,5.32,2025-05,,,
D1-0183,2025-07-01,P4,Rafael,Diversifica,TPRE,Tesouro Prefixado,360,1954.22,capacidade_mensal_pof,calculo_rfl,0.200,nao,0,A,recomendar,rfl_numerico,15.00,14.90,5.32,2025-05,,,
D1-0184,2025-07-01,P4,Rafael,Diversifica,TPRE,Tesouro Prefixado,720,1954.22,capacidade_mensal_pof,calculo_rfl,0.175,nao,0,A,recomendar,rfl_numerico,15.00,14.90,5.32,2025-05,,,
D1-0185,2025-07-01,P4,Rafael,Diversifica,TPRE,Tesouro Prefixado,1080,1954.22,capacidade_mensal_pof,calculo_rfl,0.150,nao,0,A,recomendar,rfl_numerico,15.00,14.90,5.32,2025-05,,,
D1-0186,2025-07-01,P4,Rafael,Diversifica,TIPCA,Tesouro IPCA+,15,1954.22,capacidade_mensal_pof,calculo_rfl,0.225,sim,50,A,recomendar,rfl_numerico,15.00,14.90,5.32,2025-05,,,
D1-0187,2025-07-01,P4,Rafael,Diversifica,TIPCA,Tesouro IPCA+,180,1954.22,capacidade_mensal_pof,calculo_rfl,0.225,nao,0,A,recomendar,rfl_numerico,15.00,14.90,5.32,2025-05,,,
D1-0188,2025-07-01,P4,Rafael,Diversifica,TIPCA,Tesouro IPCA+,360,1954.22,capacidade_mensal_pof,calculo_rfl,0.200,nao,0,A,recomendar,rfl_numerico,15.00,14.90,5.32,2025-05,,,
D1-0189,2025-07-01,P4,Rafael,Diversifica,TIPCA,Tesouro IPCA+,720,1954.22,capacidade_mensal_pof,calculo_rfl,0.175,nao,0,A,recomendar,rfl_numerico,15.00,14.90,5.32,2025-05,,,
D1-0190,2025-07-01,P4,Rafael,Diversifica,TIPCA,Tesouro IPCA+,1080,1954.22,capacidade_mensal_pof,calculo_rfl,0.150,nao,0,A,recomendar,rfl_numerico,15.00,14.90,5.32,2025-05,,,
D1-0191,2025-07-01,P4,Rafael,Diversifica,CDBI,CDB ate o limite do FGC,15,1954.22,capacidade_mensal_pof,calculo_rfl,0.225,sim,50,A,recomendar,rfl_numerico,15.00,14.90,5.32,2025-05,,,
D1-0192,2025-07-01,P4,Rafael,Diversifica,CDBI,CDB ate o limite do FGC,180,1954.22,capacidade_mensal_pof,calculo_rfl,0.225,nao,0,A,recomendar,rfl_numerico,15.00,14.90,5.32,2025-05,,,
D1-0193,2025-07-01,P4,Rafael,Diversifica,CDBI,CDB ate o limite do FGC,360,1954.22,capacidade_mensal_pof,calculo_rfl,0.200,nao,0,A,recomendar,rfl_numerico,15.00,14.90,5.32,2025-05,,,
D1-0194,2025-07-01,P4,Rafael,Diversifica,CDBI,CDB ate o limite do FGC,720,1954.22,capacidade_mensal_pof,calculo_rfl,0.175,nao,0,A,recomendar,rfl_numerico,15.00,14.90,5.32,2025-05,,,
D1-0195,2025-07-01,P4,Rafael,Diversifica,CDBI,CDB ate o limite do FGC,1080,1954.22,capacidade_mensal_pof,calculo_rfl,0.150,nao,0,A,recomendar,rfl_numerico,15.00,14.90,5.32,2025-05,,,
D1-0196,2025-07-01,P4,Rafael,Diversifica,CDBS,CDB acima do limite do FGC,15,300000.00,estoque_hipotetico,calculo_rfl,0.225,sim,50,AR,recomendar com ressalva explicita,rfl_numerico,15.00,14.90,5.32,2025-05,,,
D1-0197,2025-07-01,P4,Rafael,Diversifica,CDBS,CDB acima do limite do FGC,180,300000.00,estoque_hipotetico,calculo_rfl,0.225,nao,0,AR,recomendar com ressalva explicita,rfl_numerico,15.00,14.90,5.32,2025-05,,,
D1-0198,2025-07-01,P4,Rafael,Diversifica,CDBS,CDB acima do limite do FGC,360,300000.00,estoque_hipotetico,calculo_rfl,0.200,nao,0,AR,recomendar com ressalva explicita,rfl_numerico,15.00,14.90,5.32,2025-05,,,
D1-0199,2025-07-01,P4,Rafael,Diversifica,CDBS,CDB acima do limite do FGC,720,300000.00,estoque_hipotetico,calculo_rfl,0.175,nao,0,AR,recomendar com ressalva explicita,rfl_numerico,15.00,14.90,5.32,2025-05,,,
D1-0200,2025-07-01,P4,Rafael,Diversifica,CDBS,CDB acima do limite do FGC,1080,300000.00,estoque_hipotetico,calculo_rfl,0.150,nao,0,AR,recomendar com ressalva explicita,rfl_numerico,15.00,14.90,5.32,2025-05,,,
D1-0201,2025-08-01,P1,Joao,Sem Reservas,TS,Tesouro Selic,15,0.00,sem_capacidade,controle_abstencao,0.225,sim,50,N/A,abster-se de recomendar por ausencia de capacidade de investimento,abstencao,15.00,14.90,5.35,2025-06,,,
D1-0202,2025-08-01,P1,Joao,Sem Reservas,TS,Tesouro Selic,180,0.00,sem_capacidade,controle_abstencao,0.225,nao,0,N/A,abster-se de recomendar por ausencia de capacidade de investimento,abstencao,15.00,14.90,5.35,2025-06,,,
D1-0203,2025-08-01,P1,Joao,Sem Reservas,TS,Tesouro Selic,360,0.00,sem_capacidade,controle_abstencao,0.200,nao,0,N/A,abster-se de recomendar por ausencia de capacidade de investimento,abstencao,15.00,14.90,5.35,2025-06,,,
D1-0204,2025-08-01,P1,Joao,Sem Reservas,TS,Tesouro Selic,720,0.00,sem_capacidade,controle_abstencao,0.175,nao,0,N/A,abster-se de recomendar por ausencia de capacidade de investimento,abstencao,15.00,14.90,5.35,2025-06,,,
D1-0205,2025-08-01,P1,Joao,Sem Reservas,TS,Tesouro Selic,1080,0.00,sem_capacidade,controle_abstencao,0.150,nao,0,N/A,abster-se de recomendar por ausencia de capacidade de investimento,abstencao,15.00,14.90,5.35,2025-06,,,
D1-0206,2025-08-01,P1,Joao,Sem Reservas,TPRE,Tesouro Prefixado,15,0.00,sem_capacidade,controle_abstencao,0.225,sim,50,N/A,abster-se de recomendar por ausencia de capacidade de investimento,abstencao,15.00,14.90,5.35,2025-06,,,
D1-0207,2025-08-01,P1,Joao,Sem Reservas,TPRE,Tesouro Prefixado,180,0.00,sem_capacidade,controle_abstencao,0.225,nao,0,N/A,abster-se de recomendar por ausencia de capacidade de investimento,abstencao,15.00,14.90,5.35,2025-06,,,
D1-0208,2025-08-01,P1,Joao,Sem Reservas,TPRE,Tesouro Prefixado,360,0.00,sem_capacidade,controle_abstencao,0.200,nao,0,N/A,abster-se de recomendar por ausencia de capacidade de investimento,abstencao,15.00,14.90,5.35,2025-06,,,
D1-0209,2025-08-01,P1,Joao,Sem Reservas,TPRE,Tesouro Prefixado,720,0.00,sem_capacidade,controle_abstencao,0.175,nao,0,N/A,abster-se de recomendar por ausencia de capacidade de investimento,abstencao,15.00,14.90,5.35,2025-06,,,
D1-0210,2025-08-01,P1,Joao,Sem Reservas,TPRE,Tesouro Prefixado,1080,0.00,sem_capacidade,controle_abstencao,0.150,nao,0,N/A,abster-se de recomendar por ausencia de capacidade de investimento,abstencao,15.00,14.90,5.35,2025-06,,,
D1-0211,2025-08-01,P1,Joao,Sem Reservas,TIPCA,Tesouro IPCA+,15,0.00,sem_capacidade,controle_abstencao,0.225,sim,50,N/A,abster-se de recomendar por ausencia de capacidade de investimento,abstencao,15.00,14.90,5.35,2025-06,,,
D1-0212,2025-08-01,P1,Joao,Sem Reservas,TIPCA,Tesouro IPCA+,180,0.00,sem_capacidade,controle_abstencao,0.225,nao,0,N/A,abster-se de recomendar por ausencia de capacidade de investimento,abstencao,15.00,14.90,5.35,2025-06,,,
D1-0213,2025-08-01,P1,Joao,Sem Reservas,TIPCA,Tesouro IPCA+,360,0.00,sem_capacidade,controle_abstencao,0.200,nao,0,N/A,abster-se de recomendar por ausencia de capacidade de investimento,abstencao,15.00,14.90,5.35,2025-06,,,
D1-0214,2025-08-01,P1,Joao,Sem Reservas,TIPCA,Tesouro IPCA+,720,0.00,sem_capacidade,controle_abstencao,0.175,nao,0,N/A,abster-se de recomendar por ausencia de capacidade de investimento,abstencao,15.00,14.90,5.35,2025-06,,,
D1-0215,2025-08-01,P1,Joao,Sem Reservas,TIPCA,Tesouro IPCA+,1080,0.00,sem_capacidade,controle_abstencao,0.150,nao,0,N/A,abster-se de recomendar por ausencia de capacidade de investimento,abstencao,15.00,14.90,5.35,2025-06,,,
D1-0216,2025-08-01,P1,Joao,Sem Reservas,CDBI,CDB ate o limite do FGC,15,0.00,sem_capacidade,controle_abstencao,0.225,sim,50,N/A,abster-se de recomendar por ausencia de capacidade de investimento,abstencao,15.00,14.90,5.35,2025-06,,,
D1-0217,2025-08-01,P1,Joao,Sem Reservas,CDBI,CDB ate o limite do FGC,180,0.00,sem_capacidade,controle_abstencao,0.225,nao,0,N/A,abster-se de recomendar por ausencia de capacidade de investimento,abstencao,15.00,14.90,5.35,2025-06,,,
D1-0218,2025-08-01,P1,Joao,Sem Reservas,CDBI,CDB ate o limite do FGC,360,0.00,sem_capacidade,controle_abstencao,0.200,nao,0,N/A,abster-se de recomendar por ausencia de capacidade de investimento,abstencao,15.00,14.90,5.35,2025-06,,,
D1-0219,2025-08-01,P1,Joao,Sem Reservas,CDBI,CDB ate o limite do FGC,720,0.00,sem_capacidade,controle_abstencao,0.175,nao,0,N/A,abster-se de recomendar por ausencia de capacidade de investimento,abstencao,15.00,14.90,5.35,2025-06,,,
D1-0220,2025-08-01,P1,Joao,Sem Reservas,CDBI,CDB ate o limite do FGC,1080,0.00,sem_capacidade,controle_abstencao,0.150,nao,0,N/A,abster-se de recomendar por ausencia de capacidade de investimento,abstencao,15.00,14.90,5.35,2025-06,,,
D1-0221,2025-08-01,P1,Joao,Sem Reservas,CDBS,CDB acima do limite do FGC,15,0.00,sem_capacidade,controle_abstencao,0.225,sim,50,N/A,abster-se de recomendar por ausencia de capacidade de investimento,abstencao,15.00,14.90,5.35,2025-06,,,
D1-0222,2025-08-01,P1,Joao,Sem Reservas,CDBS,CDB acima do limite do FGC,180,0.00,sem_capacidade,controle_abstencao,0.225,nao,0,N/A,abster-se de recomendar por ausencia de capacidade de investimento,abstencao,15.00,14.90,5.35,2025-06,,,
D1-0223,2025-08-01,P1,Joao,Sem Reservas,CDBS,CDB acima do limite do FGC,360,0.00,sem_capacidade,controle_abstencao,0.200,nao,0,N/A,abster-se de recomendar por ausencia de capacidade de investimento,abstencao,15.00,14.90,5.35,2025-06,,,
D1-0224,2025-08-01,P1,Joao,Sem Reservas,CDBS,CDB acima do limite do FGC,720,0.00,sem_capacidade,controle_abstencao,0.175,nao,0,N/A,abster-se de recomendar por ausencia de capacidade de investimento,abstencao,15.00,14.90,5.35,2025-06,,,
D1-0225,2025-08-01,P1,Joao,Sem Reservas,CDBS,CDB acima do limite do FGC,1080,0.00,sem_capacidade,controle_abstencao,0.150,nao,0,N/A,abster-se de recomendar por ausencia de capacidade de investimento,abstencao,15.00,14.90,5.35,2025-06,,,
D1-0226,2025-08-01,P2,Marina,Economiza e Nao Investe,TS,Tesouro Selic,15,335.18,capacidade_mensal_pof,calculo_rfl,0.225,sim,50,A,recomendar,rfl_numerico,15.00,14.90,5.35,2025-06,,,
D1-0227,2025-08-01,P2,Marina,Economiza e Nao Investe,TS,Tesouro Selic,180,335.18,capacidade_mensal_pof,calculo_rfl,0.225,nao,0,A,recomendar,rfl_numerico,15.00,14.90,5.35,2025-06,,,
D1-0228,2025-08-01,P2,Marina,Economiza e Nao Investe,TS,Tesouro Selic,360,335.18,capacidade_mensal_pof,calculo_rfl,0.200,nao,0,A,recomendar,rfl_numerico,15.00,14.90,5.35,2025-06,,,
D1-0229,2025-08-01,P2,Marina,Economiza e Nao Investe,TS,Tesouro Selic,720,335.18,capacidade_mensal_pof,calculo_rfl,0.175,nao,0,A,recomendar,rfl_numerico,15.00,14.90,5.35,2025-06,,,
D1-0230,2025-08-01,P2,Marina,Economiza e Nao Investe,TS,Tesouro Selic,1080,335.18,capacidade_mensal_pof,calculo_rfl,0.150,nao,0,A,recomendar,rfl_numerico,15.00,14.90,5.35,2025-06,,,
D1-0231,2025-08-01,P2,Marina,Economiza e Nao Investe,TPRE,Tesouro Prefixado,15,335.18,capacidade_mensal_pof,calculo_rfl,0.225,sim,50,AR,recomendar com ressalva explicita,rfl_numerico,15.00,14.90,5.35,2025-06,,,
D1-0232,2025-08-01,P2,Marina,Economiza e Nao Investe,TPRE,Tesouro Prefixado,180,335.18,capacidade_mensal_pof,calculo_rfl,0.225,nao,0,AR,recomendar com ressalva explicita,rfl_numerico,15.00,14.90,5.35,2025-06,,,
D1-0233,2025-08-01,P2,Marina,Economiza e Nao Investe,TPRE,Tesouro Prefixado,360,335.18,capacidade_mensal_pof,calculo_rfl,0.200,nao,0,AR,recomendar com ressalva explicita,rfl_numerico,15.00,14.90,5.35,2025-06,,,
D1-0234,2025-08-01,P2,Marina,Economiza e Nao Investe,TPRE,Tesouro Prefixado,720,335.18,capacidade_mensal_pof,calculo_rfl,0.175,nao,0,AR,recomendar com ressalva explicita,rfl_numerico,15.00,14.90,5.35,2025-06,,,
D1-0235,2025-08-01,P2,Marina,Economiza e Nao Investe,TPRE,Tesouro Prefixado,1080,335.18,capacidade_mensal_pof,calculo_rfl,0.150,nao,0,AR,recomendar com ressalva explicita,rfl_numerico,15.00,14.90,5.35,2025-06,,,
D1-0236,2025-08-01,P2,Marina,Economiza e Nao Investe,TIPCA,Tesouro IPCA+,15,335.18,capacidade_mensal_pof,recusa_por_inadequacao,0.225,sim,50,I,"nao recomendar (vedacao do art. 6o, I, da Res. CVM no 30/2021)",recusa,15.00,14.90,5.35,2025-06,,,
D1-0237,2025-08-01,P2,Marina,Economiza e Nao Investe,TIPCA,Tesouro IPCA+,180,335.18,capacidade_mensal_pof,recusa_por_inadequacao,0.225,nao,0,I,"nao recomendar (vedacao do art. 6o, I, da Res. CVM no 30/2021)",recusa,15.00,14.90,5.35,2025-06,,,
D1-0238,2025-08-01,P2,Marina,Economiza e Nao Investe,TIPCA,Tesouro IPCA+,360,335.18,capacidade_mensal_pof,recusa_por_inadequacao,0.200,nao,0,I,"nao recomendar (vedacao do art. 6o, I, da Res. CVM no 30/2021)",recusa,15.00,14.90,5.35,2025-06,,,
D1-0239,2025-08-01,P2,Marina,Economiza e Nao Investe,TIPCA,Tesouro IPCA+,720,335.18,capacidade_mensal_pof,recusa_por_inadequacao,0.175,nao,0,I,"nao recomendar (vedacao do art. 6o, I, da Res. CVM no 30/2021)",recusa,15.00,14.90,5.35,2025-06,,,
D1-0240,2025-08-01,P2,Marina,Economiza e Nao Investe,TIPCA,Tesouro IPCA+,1080,335.18,capacidade_mensal_pof,recusa_por_inadequacao,0.150,nao,0,I,"nao recomendar (vedacao do art. 6o, I, da Res. CVM no 30/2021)",recusa,15.00,14.90,5.35,2025-06,,,
D1-0241,2025-08-01,P2,Marina,Economiza e Nao Investe,CDBI,CDB ate o limite do FGC,15,335.18,capacidade_mensal_pof,calculo_rfl,0.225,sim,50,A,recomendar,rfl_numerico,15.00,14.90,5.35,2025-06,,,
D1-0242,2025-08-01,P2,Marina,Economiza e Nao Investe,CDBI,CDB ate o limite do FGC,180,335.18,capacidade_mensal_pof,calculo_rfl,0.225,nao,0,A,recomendar,rfl_numerico,15.00,14.90,5.35,2025-06,,,
D1-0243,2025-08-01,P2,Marina,Economiza e Nao Investe,CDBI,CDB ate o limite do FGC,360,335.18,capacidade_mensal_pof,calculo_rfl,0.200,nao,0,A,recomendar,rfl_numerico,15.00,14.90,5.35,2025-06,,,
D1-0244,2025-08-01,P2,Marina,Economiza e Nao Investe,CDBI,CDB ate o limite do FGC,720,335.18,capacidade_mensal_pof,calculo_rfl,0.175,nao,0,A,recomendar,rfl_numerico,15.00,14.90,5.35,2025-06,,,
D1-0245,2025-08-01,P2,Marina,Economiza e Nao Investe,CDBI,CDB ate o limite do FGC,1080,335.18,capacidade_mensal_pof,calculo_rfl,0.150,nao,0,A,recomendar,rfl_numerico,15.00,14.90,5.35,2025-06,,,
D1-0246,2025-08-01,P2,Marina,Economiza e Nao Investe,CDBS,CDB acima do limite do FGC,15,300000.00,estoque_hipotetico,recusa_por_inadequacao,0.225,sim,50,I,"nao recomendar (vedacao do art. 6o, I, da Res. CVM no 30/2021)",recusa,15.00,14.90,5.35,2025-06,,,
D1-0247,2025-08-01,P2,Marina,Economiza e Nao Investe,CDBS,CDB acima do limite do FGC,180,300000.00,estoque_hipotetico,recusa_por_inadequacao,0.225,nao,0,I,"nao recomendar (vedacao do art. 6o, I, da Res. CVM no 30/2021)",recusa,15.00,14.90,5.35,2025-06,,,
D1-0248,2025-08-01,P2,Marina,Economiza e Nao Investe,CDBS,CDB acima do limite do FGC,360,300000.00,estoque_hipotetico,recusa_por_inadequacao,0.200,nao,0,I,"nao recomendar (vedacao do art. 6o, I, da Res. CVM no 30/2021)",recusa,15.00,14.90,5.35,2025-06,,,
D1-0249,2025-08-01,P2,Marina,Economiza e Nao Investe,CDBS,CDB acima do limite do FGC,720,300000.00,estoque_hipotetico,recusa_por_inadequacao,0.175,nao,0,I,"nao recomendar (vedacao do art. 6o, I, da Res. CVM no 30/2021)",recusa,15.00,14.90,5.35,2025-06,,,
D1-0250,2025-08-01,P2,Marina,Economiza e Nao Investe,CDBS,CDB acima do limite do FGC,1080,300000.00,estoque_hipotetico,recusa_por_inadequacao,0.150,nao,0,I,"nao recomendar (vedacao do art. 6o, I, da Res. CVM no 30/2021)",recusa,15.00,14.90,5.35,2025-06,,,
D1-0251,2025-08-01,P3,Antonio,Caderneta,TS,Tesouro Selic,15,335.18,capacidade_mensal_pof,calculo_rfl,0.225,sim,50,A,recomendar,rfl_numerico,15.00,14.90,5.35,2025-06,,,
D1-0252,2025-08-01,P3,Antonio,Caderneta,TS,Tesouro Selic,180,335.18,capacidade_mensal_pof,calculo_rfl,0.225,nao,0,A,recomendar,rfl_numerico,15.00,14.90,5.35,2025-06,,,
D1-0253,2025-08-01,P3,Antonio,Caderneta,TS,Tesouro Selic,360,335.18,capacidade_mensal_pof,calculo_rfl,0.200,nao,0,A,recomendar,rfl_numerico,15.00,14.90,5.35,2025-06,,,
D1-0254,2025-08-01,P3,Antonio,Caderneta,TS,Tesouro Selic,720,335.18,capacidade_mensal_pof,calculo_rfl,0.175,nao,0,A,recomendar,rfl_numerico,15.00,14.90,5.35,2025-06,,,
D1-0255,2025-08-01,P3,Antonio,Caderneta,TS,Tesouro Selic,1080,335.18,capacidade_mensal_pof,calculo_rfl,0.150,nao,0,A,recomendar,rfl_numerico,15.00,14.90,5.35,2025-06,,,
D1-0256,2025-08-01,P3,Antonio,Caderneta,TPRE,Tesouro Prefixado,15,335.18,capacidade_mensal_pof,recusa_por_inadequacao,0.225,sim,50,I,"nao recomendar (vedacao do art. 6o, I, da Res. CVM no 30/2021)",recusa,15.00,14.90,5.35,2025-06,,,
D1-0257,2025-08-01,P3,Antonio,Caderneta,TPRE,Tesouro Prefixado,180,335.18,capacidade_mensal_pof,recusa_por_inadequacao,0.225,nao,0,I,"nao recomendar (vedacao do art. 6o, I, da Res. CVM no 30/2021)",recusa,15.00,14.90,5.35,2025-06,,,
D1-0258,2025-08-01,P3,Antonio,Caderneta,TPRE,Tesouro Prefixado,360,335.18,capacidade_mensal_pof,recusa_por_inadequacao,0.200,nao,0,I,"nao recomendar (vedacao do art. 6o, I, da Res. CVM no 30/2021)",recusa,15.00,14.90,5.35,2025-06,,,
D1-0259,2025-08-01,P3,Antonio,Caderneta,TPRE,Tesouro Prefixado,720,335.18,capacidade_mensal_pof,recusa_por_inadequacao,0.175,nao,0,I,"nao recomendar (vedacao do art. 6o, I, da Res. CVM no 30/2021)",recusa,15.00,14.90,5.35,2025-06,,,
D1-0260,2025-08-01,P3,Antonio,Caderneta,TPRE,Tesouro Prefixado,1080,335.18,capacidade_mensal_pof,recusa_por_inadequacao,0.150,nao,0,I,"nao recomendar (vedacao do art. 6o, I, da Res. CVM no 30/2021)",recusa,15.00,14.90,5.35,2025-06,,,
D1-0261,2025-08-01,P3,Antonio,Caderneta,TIPCA,Tesouro IPCA+,15,335.18,capacidade_mensal_pof,recusa_por_inadequacao,0.225,sim,50,I,"nao recomendar (vedacao do art. 6o, I, da Res. CVM no 30/2021)",recusa,15.00,14.90,5.35,2025-06,,,
D1-0262,2025-08-01,P3,Antonio,Caderneta,TIPCA,Tesouro IPCA+,180,335.18,capacidade_mensal_pof,recusa_por_inadequacao,0.225,nao,0,I,"nao recomendar (vedacao do art. 6o, I, da Res. CVM no 30/2021)",recusa,15.00,14.90,5.35,2025-06,,,
D1-0263,2025-08-01,P3,Antonio,Caderneta,TIPCA,Tesouro IPCA+,360,335.18,capacidade_mensal_pof,recusa_por_inadequacao,0.200,nao,0,I,"nao recomendar (vedacao do art. 6o, I, da Res. CVM no 30/2021)",recusa,15.00,14.90,5.35,2025-06,,,
D1-0264,2025-08-01,P3,Antonio,Caderneta,TIPCA,Tesouro IPCA+,720,335.18,capacidade_mensal_pof,recusa_por_inadequacao,0.175,nao,0,I,"nao recomendar (vedacao do art. 6o, I, da Res. CVM no 30/2021)",recusa,15.00,14.90,5.35,2025-06,,,
D1-0265,2025-08-01,P3,Antonio,Caderneta,TIPCA,Tesouro IPCA+,1080,335.18,capacidade_mensal_pof,recusa_por_inadequacao,0.150,nao,0,I,"nao recomendar (vedacao do art. 6o, I, da Res. CVM no 30/2021)",recusa,15.00,14.90,5.35,2025-06,,,
D1-0266,2025-08-01,P3,Antonio,Caderneta,CDBI,CDB ate o limite do FGC,15,335.18,capacidade_mensal_pof,calculo_rfl,0.225,sim,50,A,recomendar,rfl_numerico,15.00,14.90,5.35,2025-06,,,
D1-0267,2025-08-01,P3,Antonio,Caderneta,CDBI,CDB ate o limite do FGC,180,335.18,capacidade_mensal_pof,calculo_rfl,0.225,nao,0,A,recomendar,rfl_numerico,15.00,14.90,5.35,2025-06,,,
D1-0268,2025-08-01,P3,Antonio,Caderneta,CDBI,CDB ate o limite do FGC,360,335.18,capacidade_mensal_pof,calculo_rfl,0.200,nao,0,A,recomendar,rfl_numerico,15.00,14.90,5.35,2025-06,,,
D1-0269,2025-08-01,P3,Antonio,Caderneta,CDBI,CDB ate o limite do FGC,720,335.18,capacidade_mensal_pof,calculo_rfl,0.175,nao,0,A,recomendar,rfl_numerico,15.00,14.90,5.35,2025-06,,,
D1-0270,2025-08-01,P3,Antonio,Caderneta,CDBI,CDB ate o limite do FGC,1080,335.18,capacidade_mensal_pof,calculo_rfl,0.150,nao,0,A,recomendar,rfl_numerico,15.00,14.90,5.35,2025-06,,,
D1-0271,2025-08-01,P3,Antonio,Caderneta,CDBS,CDB acima do limite do FGC,15,300000.00,estoque_hipotetico,recusa_por_inadequacao,0.225,sim,50,I,"nao recomendar (vedacao do art. 6o, I, da Res. CVM no 30/2021)",recusa,15.00,14.90,5.35,2025-06,,,
D1-0272,2025-08-01,P3,Antonio,Caderneta,CDBS,CDB acima do limite do FGC,180,300000.00,estoque_hipotetico,recusa_por_inadequacao,0.225,nao,0,I,"nao recomendar (vedacao do art. 6o, I, da Res. CVM no 30/2021)",recusa,15.00,14.90,5.35,2025-06,,,
D1-0273,2025-08-01,P3,Antonio,Caderneta,CDBS,CDB acima do limite do FGC,360,300000.00,estoque_hipotetico,recusa_por_inadequacao,0.200,nao,0,I,"nao recomendar (vedacao do art. 6o, I, da Res. CVM no 30/2021)",recusa,15.00,14.90,5.35,2025-06,,,
D1-0274,2025-08-01,P3,Antonio,Caderneta,CDBS,CDB acima do limite do FGC,720,300000.00,estoque_hipotetico,recusa_por_inadequacao,0.175,nao,0,I,"nao recomendar (vedacao do art. 6o, I, da Res. CVM no 30/2021)",recusa,15.00,14.90,5.35,2025-06,,,
D1-0275,2025-08-01,P3,Antonio,Caderneta,CDBS,CDB acima do limite do FGC,1080,300000.00,estoque_hipotetico,recusa_por_inadequacao,0.150,nao,0,I,"nao recomendar (vedacao do art. 6o, I, da Res. CVM no 30/2021)",recusa,15.00,14.90,5.35,2025-06,,,
D1-0276,2025-08-01,P4,Rafael,Diversifica,TS,Tesouro Selic,15,1954.22,capacidade_mensal_pof,calculo_rfl,0.225,sim,50,A,recomendar,rfl_numerico,15.00,14.90,5.35,2025-06,,,
D1-0277,2025-08-01,P4,Rafael,Diversifica,TS,Tesouro Selic,180,1954.22,capacidade_mensal_pof,calculo_rfl,0.225,nao,0,A,recomendar,rfl_numerico,15.00,14.90,5.35,2025-06,,,
D1-0278,2025-08-01,P4,Rafael,Diversifica,TS,Tesouro Selic,360,1954.22,capacidade_mensal_pof,calculo_rfl,0.200,nao,0,A,recomendar,rfl_numerico,15.00,14.90,5.35,2025-06,,,
D1-0279,2025-08-01,P4,Rafael,Diversifica,TS,Tesouro Selic,720,1954.22,capacidade_mensal_pof,calculo_rfl,0.175,nao,0,A,recomendar,rfl_numerico,15.00,14.90,5.35,2025-06,,,
D1-0280,2025-08-01,P4,Rafael,Diversifica,TS,Tesouro Selic,1080,1954.22,capacidade_mensal_pof,calculo_rfl,0.150,nao,0,A,recomendar,rfl_numerico,15.00,14.90,5.35,2025-06,,,
D1-0281,2025-08-01,P4,Rafael,Diversifica,TPRE,Tesouro Prefixado,15,1954.22,capacidade_mensal_pof,calculo_rfl,0.225,sim,50,A,recomendar,rfl_numerico,15.00,14.90,5.35,2025-06,,,
D1-0282,2025-08-01,P4,Rafael,Diversifica,TPRE,Tesouro Prefixado,180,1954.22,capacidade_mensal_pof,calculo_rfl,0.225,nao,0,A,recomendar,rfl_numerico,15.00,14.90,5.35,2025-06,,,
D1-0283,2025-08-01,P4,Rafael,Diversifica,TPRE,Tesouro Prefixado,360,1954.22,capacidade_mensal_pof,calculo_rfl,0.200,nao,0,A,recomendar,rfl_numerico,15.00,14.90,5.35,2025-06,,,
D1-0284,2025-08-01,P4,Rafael,Diversifica,TPRE,Tesouro Prefixado,720,1954.22,capacidade_mensal_pof,calculo_rfl,0.175,nao,0,A,recomendar,rfl_numerico,15.00,14.90,5.35,2025-06,,,
D1-0285,2025-08-01,P4,Rafael,Diversifica,TPRE,Tesouro Prefixado,1080,1954.22,capacidade_mensal_pof,calculo_rfl,0.150,nao,0,A,recomendar,rfl_numerico,15.00,14.90,5.35,2025-06,,,
D1-0286,2025-08-01,P4,Rafael,Diversifica,TIPCA,Tesouro IPCA+,15,1954.22,capacidade_mensal_pof,calculo_rfl,0.225,sim,50,A,recomendar,rfl_numerico,15.00,14.90,5.35,2025-06,,,
D1-0287,2025-08-01,P4,Rafael,Diversifica,TIPCA,Tesouro IPCA+,180,1954.22,capacidade_mensal_pof,calculo_rfl,0.225,nao,0,A,recomendar,rfl_numerico,15.00,14.90,5.35,2025-06,,,
D1-0288,2025-08-01,P4,Rafael,Diversifica,TIPCA,Tesouro IPCA+,360,1954.22,capacidade_mensal_pof,calculo_rfl,0.200,nao,0,A,recomendar,rfl_numerico,15.00,14.90,5.35,2025-06,,,
D1-0289,2025-08-01,P4,Rafael,Diversifica,TIPCA,Tesouro IPCA+,720,1954.22,capacidade_mensal_pof,calculo_rfl,0.175,nao,0,A,recomendar,rfl_numerico,15.00,14.90,5.35,2025-06,,,
D1-0290,2025-08-01,P4,Rafael,Diversifica,TIPCA,Tesouro IPCA+,1080,1954.22,capacidade_mensal_pof,calculo_rfl,0.150,nao,0,A,recomendar,rfl_numerico,15.00,14.90,5.35,2025-06,,,
D1-0291,2025-08-01,P4,Rafael,Diversifica,CDBI,CDB ate o limite do FGC,15,1954.22,capacidade_mensal_pof,calculo_rfl,0.225,sim,50,A,recomendar,rfl_numerico,15.00,14.90,5.35,2025-06,,,
D1-0292,2025-08-01,P4,Rafael,Diversifica,CDBI,CDB ate o limite do FGC,180,1954.22,capacidade_mensal_pof,calculo_rfl,0.225,nao,0,A,recomendar,rfl_numerico,15.00,14.90,5.35,2025-06,,,
D1-0293,2025-08-01,P4,Rafael,Diversifica,CDBI,CDB ate o limite do FGC,360,1954.22,capacidade_mensal_pof,calculo_rfl,0.200,nao,0,A,recomendar,rfl_numerico,15.00,14.90,5.35,2025-06,,,
D1-0294,2025-08-01,P4,Rafael,Diversifica,CDBI,CDB ate o limite do FGC,720,1954.22,capacidade_mensal_pof,calculo_rfl,0.175,nao,0,A,recomendar,rfl_numerico,15.00,14.90,5.35,2025-06,,,
D1-0295,2025-08-01,P4,Rafael,Diversifica,CDBI,CDB ate o limite do FGC,1080,1954.22,capacidade_mensal_pof,calculo_rfl,0.150,nao,0,A,recomendar,rfl_numerico,15.00,14.90,5.35,2025-06,,,
D1-0296,2025-08-01,P4,Rafael,Diversifica,CDBS,CDB acima do limite do FGC,15,300000.00,estoque_hipotetico,calculo_rfl,0.225,sim,50,AR,recomendar com ressalva explicita,rfl_numerico,15.00,14.90,5.35,2025-06,,,
D1-0297,2025-08-01,P4,Rafael,Diversifica,CDBS,CDB acima do limite do FGC,180,300000.00,estoque_hipotetico,calculo_rfl,0.225,nao,0,AR,recomendar com ressalva explicita,rfl_numerico,15.00,14.90,5.35,2025-06,,,
D1-0298,2025-08-01,P4,Rafael,Diversifica,CDBS,CDB acima do limite do FGC,360,300000.00,estoque_hipotetico,calculo_rfl,0.200,nao,0,AR,recomendar com ressalva explicita,rfl_numerico,15.00,14.90,5.35,2025-06,,,
D1-0299,2025-08-01,P4,Rafael,Diversifica,CDBS,CDB acima do limite do FGC,720,300000.00,estoque_hipotetico,calculo_rfl,0.175,nao,0,AR,recomendar com ressalva explicita,rfl_numerico,15.00,14.90,5.35,2025-06,,,
D1-0300,2025-08-01,P4,Rafael,Diversifica,CDBS,CDB acima do limite do FGC,1080,300000.00,estoque_hipotetico,calculo_rfl,0.150,nao,0,AR,recomendar com ressalva explicita,rfl_numerico,15.00,14.90,5.35,2025-06,,,
D1-0301,2025-09-01,P1,Joao,Sem Reservas,TS,Tesouro Selic,15,0.00,sem_capacidade,controle_abstencao,0.225,sim,50,N/A,abster-se de recomendar por ausencia de capacidade de investimento,abstencao,15.00,14.90,5.23,2025-07,,,
D1-0302,2025-09-01,P1,Joao,Sem Reservas,TS,Tesouro Selic,180,0.00,sem_capacidade,controle_abstencao,0.225,nao,0,N/A,abster-se de recomendar por ausencia de capacidade de investimento,abstencao,15.00,14.90,5.23,2025-07,,,
D1-0303,2025-09-01,P1,Joao,Sem Reservas,TS,Tesouro Selic,360,0.00,sem_capacidade,controle_abstencao,0.200,nao,0,N/A,abster-se de recomendar por ausencia de capacidade de investimento,abstencao,15.00,14.90,5.23,2025-07,,,
D1-0304,2025-09-01,P1,Joao,Sem Reservas,TS,Tesouro Selic,720,0.00,sem_capacidade,controle_abstencao,0.175,nao,0,N/A,abster-se de recomendar por ausencia de capacidade de investimento,abstencao,15.00,14.90,5.23,2025-07,,,
D1-0305,2025-09-01,P1,Joao,Sem Reservas,TS,Tesouro Selic,1080,0.00,sem_capacidade,controle_abstencao,0.150,nao,0,N/A,abster-se de recomendar por ausencia de capacidade de investimento,abstencao,15.00,14.90,5.23,2025-07,,,
D1-0306,2025-09-01,P1,Joao,Sem Reservas,TPRE,Tesouro Prefixado,15,0.00,sem_capacidade,controle_abstencao,0.225,sim,50,N/A,abster-se de recomendar por ausencia de capacidade de investimento,abstencao,15.00,14.90,5.23,2025-07,,,
D1-0307,2025-09-01,P1,Joao,Sem Reservas,TPRE,Tesouro Prefixado,180,0.00,sem_capacidade,controle_abstencao,0.225,nao,0,N/A,abster-se de recomendar por ausencia de capacidade de investimento,abstencao,15.00,14.90,5.23,2025-07,,,
D1-0308,2025-09-01,P1,Joao,Sem Reservas,TPRE,Tesouro Prefixado,360,0.00,sem_capacidade,controle_abstencao,0.200,nao,0,N/A,abster-se de recomendar por ausencia de capacidade de investimento,abstencao,15.00,14.90,5.23,2025-07,,,
D1-0309,2025-09-01,P1,Joao,Sem Reservas,TPRE,Tesouro Prefixado,720,0.00,sem_capacidade,controle_abstencao,0.175,nao,0,N/A,abster-se de recomendar por ausencia de capacidade de investimento,abstencao,15.00,14.90,5.23,2025-07,,,
D1-0310,2025-09-01,P1,Joao,Sem Reservas,TPRE,Tesouro Prefixado,1080,0.00,sem_capacidade,controle_abstencao,0.150,nao,0,N/A,abster-se de recomendar por ausencia de capacidade de investimento,abstencao,15.00,14.90,5.23,2025-07,,,
D1-0311,2025-09-01,P1,Joao,Sem Reservas,TIPCA,Tesouro IPCA+,15,0.00,sem_capacidade,controle_abstencao,0.225,sim,50,N/A,abster-se de recomendar por ausencia de capacidade de investimento,abstencao,15.00,14.90,5.23,2025-07,,,
D1-0312,2025-09-01,P1,Joao,Sem Reservas,TIPCA,Tesouro IPCA+,180,0.00,sem_capacidade,controle_abstencao,0.225,nao,0,N/A,abster-se de recomendar por ausencia de capacidade de investimento,abstencao,15.00,14.90,5.23,2025-07,,,
D1-0313,2025-09-01,P1,Joao,Sem Reservas,TIPCA,Tesouro IPCA+,360,0.00,sem_capacidade,controle_abstencao,0.200,nao,0,N/A,abster-se de recomendar por ausencia de capacidade de investimento,abstencao,15.00,14.90,5.23,2025-07,,,
D1-0314,2025-09-01,P1,Joao,Sem Reservas,TIPCA,Tesouro IPCA+,720,0.00,sem_capacidade,controle_abstencao,0.175,nao,0,N/A,abster-se de recomendar por ausencia de capacidade de investimento,abstencao,15.00,14.90,5.23,2025-07,,,
D1-0315,2025-09-01,P1,Joao,Sem Reservas,TIPCA,Tesouro IPCA+,1080,0.00,sem_capacidade,controle_abstencao,0.150,nao,0,N/A,abster-se de recomendar por ausencia de capacidade de investimento,abstencao,15.00,14.90,5.23,2025-07,,,
D1-0316,2025-09-01,P1,Joao,Sem Reservas,CDBI,CDB ate o limite do FGC,15,0.00,sem_capacidade,controle_abstencao,0.225,sim,50,N/A,abster-se de recomendar por ausencia de capacidade de investimento,abstencao,15.00,14.90,5.23,2025-07,,,
D1-0317,2025-09-01,P1,Joao,Sem Reservas,CDBI,CDB ate o limite do FGC,180,0.00,sem_capacidade,controle_abstencao,0.225,nao,0,N/A,abster-se de recomendar por ausencia de capacidade de investimento,abstencao,15.00,14.90,5.23,2025-07,,,
D1-0318,2025-09-01,P1,Joao,Sem Reservas,CDBI,CDB ate o limite do FGC,360,0.00,sem_capacidade,controle_abstencao,0.200,nao,0,N/A,abster-se de recomendar por ausencia de capacidade de investimento,abstencao,15.00,14.90,5.23,2025-07,,,
D1-0319,2025-09-01,P1,Joao,Sem Reservas,CDBI,CDB ate o limite do FGC,720,0.00,sem_capacidade,controle_abstencao,0.175,nao,0,N/A,abster-se de recomendar por ausencia de capacidade de investimento,abstencao,15.00,14.90,5.23,2025-07,,,
D1-0320,2025-09-01,P1,Joao,Sem Reservas,CDBI,CDB ate o limite do FGC,1080,0.00,sem_capacidade,controle_abstencao,0.150,nao,0,N/A,abster-se de recomendar por ausencia de capacidade de investimento,abstencao,15.00,14.90,5.23,2025-07,,,
D1-0321,2025-09-01,P1,Joao,Sem Reservas,CDBS,CDB acima do limite do FGC,15,0.00,sem_capacidade,controle_abstencao,0.225,sim,50,N/A,abster-se de recomendar por ausencia de capacidade de investimento,abstencao,15.00,14.90,5.23,2025-07,,,
D1-0322,2025-09-01,P1,Joao,Sem Reservas,CDBS,CDB acima do limite do FGC,180,0.00,sem_capacidade,controle_abstencao,0.225,nao,0,N/A,abster-se de recomendar por ausencia de capacidade de investimento,abstencao,15.00,14.90,5.23,2025-07,,,
D1-0323,2025-09-01,P1,Joao,Sem Reservas,CDBS,CDB acima do limite do FGC,360,0.00,sem_capacidade,controle_abstencao,0.200,nao,0,N/A,abster-se de recomendar por ausencia de capacidade de investimento,abstencao,15.00,14.90,5.23,2025-07,,,
D1-0324,2025-09-01,P1,Joao,Sem Reservas,CDBS,CDB acima do limite do FGC,720,0.00,sem_capacidade,controle_abstencao,0.175,nao,0,N/A,abster-se de recomendar por ausencia de capacidade de investimento,abstencao,15.00,14.90,5.23,2025-07,,,
D1-0325,2025-09-01,P1,Joao,Sem Reservas,CDBS,CDB acima do limite do FGC,1080,0.00,sem_capacidade,controle_abstencao,0.150,nao,0,N/A,abster-se de recomendar por ausencia de capacidade de investimento,abstencao,15.00,14.90,5.23,2025-07,,,
D1-0326,2025-09-01,P2,Marina,Economiza e Nao Investe,TS,Tesouro Selic,15,335.18,capacidade_mensal_pof,calculo_rfl,0.225,sim,50,A,recomendar,rfl_numerico,15.00,14.90,5.23,2025-07,,,
D1-0327,2025-09-01,P2,Marina,Economiza e Nao Investe,TS,Tesouro Selic,180,335.18,capacidade_mensal_pof,calculo_rfl,0.225,nao,0,A,recomendar,rfl_numerico,15.00,14.90,5.23,2025-07,,,
D1-0328,2025-09-01,P2,Marina,Economiza e Nao Investe,TS,Tesouro Selic,360,335.18,capacidade_mensal_pof,calculo_rfl,0.200,nao,0,A,recomendar,rfl_numerico,15.00,14.90,5.23,2025-07,,,
D1-0329,2025-09-01,P2,Marina,Economiza e Nao Investe,TS,Tesouro Selic,720,335.18,capacidade_mensal_pof,calculo_rfl,0.175,nao,0,A,recomendar,rfl_numerico,15.00,14.90,5.23,2025-07,,,
D1-0330,2025-09-01,P2,Marina,Economiza e Nao Investe,TS,Tesouro Selic,1080,335.18,capacidade_mensal_pof,calculo_rfl,0.150,nao,0,A,recomendar,rfl_numerico,15.00,14.90,5.23,2025-07,,,
D1-0331,2025-09-01,P2,Marina,Economiza e Nao Investe,TPRE,Tesouro Prefixado,15,335.18,capacidade_mensal_pof,calculo_rfl,0.225,sim,50,AR,recomendar com ressalva explicita,rfl_numerico,15.00,14.90,5.23,2025-07,,,
D1-0332,2025-09-01,P2,Marina,Economiza e Nao Investe,TPRE,Tesouro Prefixado,180,335.18,capacidade_mensal_pof,calculo_rfl,0.225,nao,0,AR,recomendar com ressalva explicita,rfl_numerico,15.00,14.90,5.23,2025-07,,,
D1-0333,2025-09-01,P2,Marina,Economiza e Nao Investe,TPRE,Tesouro Prefixado,360,335.18,capacidade_mensal_pof,calculo_rfl,0.200,nao,0,AR,recomendar com ressalva explicita,rfl_numerico,15.00,14.90,5.23,2025-07,,,
D1-0334,2025-09-01,P2,Marina,Economiza e Nao Investe,TPRE,Tesouro Prefixado,720,335.18,capacidade_mensal_pof,calculo_rfl,0.175,nao,0,AR,recomendar com ressalva explicita,rfl_numerico,15.00,14.90,5.23,2025-07,,,
D1-0335,2025-09-01,P2,Marina,Economiza e Nao Investe,TPRE,Tesouro Prefixado,1080,335.18,capacidade_mensal_pof,calculo_rfl,0.150,nao,0,AR,recomendar com ressalva explicita,rfl_numerico,15.00,14.90,5.23,2025-07,,,
D1-0336,2025-09-01,P2,Marina,Economiza e Nao Investe,TIPCA,Tesouro IPCA+,15,335.18,capacidade_mensal_pof,recusa_por_inadequacao,0.225,sim,50,I,"nao recomendar (vedacao do art. 6o, I, da Res. CVM no 30/2021)",recusa,15.00,14.90,5.23,2025-07,,,
D1-0337,2025-09-01,P2,Marina,Economiza e Nao Investe,TIPCA,Tesouro IPCA+,180,335.18,capacidade_mensal_pof,recusa_por_inadequacao,0.225,nao,0,I,"nao recomendar (vedacao do art. 6o, I, da Res. CVM no 30/2021)",recusa,15.00,14.90,5.23,2025-07,,,
D1-0338,2025-09-01,P2,Marina,Economiza e Nao Investe,TIPCA,Tesouro IPCA+,360,335.18,capacidade_mensal_pof,recusa_por_inadequacao,0.200,nao,0,I,"nao recomendar (vedacao do art. 6o, I, da Res. CVM no 30/2021)",recusa,15.00,14.90,5.23,2025-07,,,
D1-0339,2025-09-01,P2,Marina,Economiza e Nao Investe,TIPCA,Tesouro IPCA+,720,335.18,capacidade_mensal_pof,recusa_por_inadequacao,0.175,nao,0,I,"nao recomendar (vedacao do art. 6o, I, da Res. CVM no 30/2021)",recusa,15.00,14.90,5.23,2025-07,,,
D1-0340,2025-09-01,P2,Marina,Economiza e Nao Investe,TIPCA,Tesouro IPCA+,1080,335.18,capacidade_mensal_pof,recusa_por_inadequacao,0.150,nao,0,I,"nao recomendar (vedacao do art. 6o, I, da Res. CVM no 30/2021)",recusa,15.00,14.90,5.23,2025-07,,,
D1-0341,2025-09-01,P2,Marina,Economiza e Nao Investe,CDBI,CDB ate o limite do FGC,15,335.18,capacidade_mensal_pof,calculo_rfl,0.225,sim,50,A,recomendar,rfl_numerico,15.00,14.90,5.23,2025-07,,,
D1-0342,2025-09-01,P2,Marina,Economiza e Nao Investe,CDBI,CDB ate o limite do FGC,180,335.18,capacidade_mensal_pof,calculo_rfl,0.225,nao,0,A,recomendar,rfl_numerico,15.00,14.90,5.23,2025-07,,,
D1-0343,2025-09-01,P2,Marina,Economiza e Nao Investe,CDBI,CDB ate o limite do FGC,360,335.18,capacidade_mensal_pof,calculo_rfl,0.200,nao,0,A,recomendar,rfl_numerico,15.00,14.90,5.23,2025-07,,,
D1-0344,2025-09-01,P2,Marina,Economiza e Nao Investe,CDBI,CDB ate o limite do FGC,720,335.18,capacidade_mensal_pof,calculo_rfl,0.175,nao,0,A,recomendar,rfl_numerico,15.00,14.90,5.23,2025-07,,,
D1-0345,2025-09-01,P2,Marina,Economiza e Nao Investe,CDBI,CDB ate o limite do FGC,1080,335.18,capacidade_mensal_pof,calculo_rfl,0.150,nao,0,A,recomendar,rfl_numerico,15.00,14.90,5.23,2025-07,,,
D1-0346,2025-09-01,P2,Marina,Economiza e Nao Investe,CDBS,CDB acima do limite do FGC,15,300000.00,estoque_hipotetico,recusa_por_inadequacao,0.225,sim,50,I,"nao recomendar (vedacao do art. 6o, I, da Res. CVM no 30/2021)",recusa,15.00,14.90,5.23,2025-07,,,
D1-0347,2025-09-01,P2,Marina,Economiza e Nao Investe,CDBS,CDB acima do limite do FGC,180,300000.00,estoque_hipotetico,recusa_por_inadequacao,0.225,nao,0,I,"nao recomendar (vedacao do art. 6o, I, da Res. CVM no 30/2021)",recusa,15.00,14.90,5.23,2025-07,,,
D1-0348,2025-09-01,P2,Marina,Economiza e Nao Investe,CDBS,CDB acima do limite do FGC,360,300000.00,estoque_hipotetico,recusa_por_inadequacao,0.200,nao,0,I,"nao recomendar (vedacao do art. 6o, I, da Res. CVM no 30/2021)",recusa,15.00,14.90,5.23,2025-07,,,
D1-0349,2025-09-01,P2,Marina,Economiza e Nao Investe,CDBS,CDB acima do limite do FGC,720,300000.00,estoque_hipotetico,recusa_por_inadequacao,0.175,nao,0,I,"nao recomendar (vedacao do art. 6o, I, da Res. CVM no 30/2021)",recusa,15.00,14.90,5.23,2025-07,,,
D1-0350,2025-09-01,P2,Marina,Economiza e Nao Investe,CDBS,CDB acima do limite do FGC,1080,300000.00,estoque_hipotetico,recusa_por_inadequacao,0.150,nao,0,I,"nao recomendar (vedacao do art. 6o, I, da Res. CVM no 30/2021)",recusa,15.00,14.90,5.23,2025-07,,,
D1-0351,2025-09-01,P3,Antonio,Caderneta,TS,Tesouro Selic,15,335.18,capacidade_mensal_pof,calculo_rfl,0.225,sim,50,A,recomendar,rfl_numerico,15.00,14.90,5.23,2025-07,,,
D1-0352,2025-09-01,P3,Antonio,Caderneta,TS,Tesouro Selic,180,335.18,capacidade_mensal_pof,calculo_rfl,0.225,nao,0,A,recomendar,rfl_numerico,15.00,14.90,5.23,2025-07,,,
D1-0353,2025-09-01,P3,Antonio,Caderneta,TS,Tesouro Selic,360,335.18,capacidade_mensal_pof,calculo_rfl,0.200,nao,0,A,recomendar,rfl_numerico,15.00,14.90,5.23,2025-07,,,
D1-0354,2025-09-01,P3,Antonio,Caderneta,TS,Tesouro Selic,720,335.18,capacidade_mensal_pof,calculo_rfl,0.175,nao,0,A,recomendar,rfl_numerico,15.00,14.90,5.23,2025-07,,,
D1-0355,2025-09-01,P3,Antonio,Caderneta,TS,Tesouro Selic,1080,335.18,capacidade_mensal_pof,calculo_rfl,0.150,nao,0,A,recomendar,rfl_numerico,15.00,14.90,5.23,2025-07,,,
D1-0356,2025-09-01,P3,Antonio,Caderneta,TPRE,Tesouro Prefixado,15,335.18,capacidade_mensal_pof,recusa_por_inadequacao,0.225,sim,50,I,"nao recomendar (vedacao do art. 6o, I, da Res. CVM no 30/2021)",recusa,15.00,14.90,5.23,2025-07,,,
D1-0357,2025-09-01,P3,Antonio,Caderneta,TPRE,Tesouro Prefixado,180,335.18,capacidade_mensal_pof,recusa_por_inadequacao,0.225,nao,0,I,"nao recomendar (vedacao do art. 6o, I, da Res. CVM no 30/2021)",recusa,15.00,14.90,5.23,2025-07,,,
D1-0358,2025-09-01,P3,Antonio,Caderneta,TPRE,Tesouro Prefixado,360,335.18,capacidade_mensal_pof,recusa_por_inadequacao,0.200,nao,0,I,"nao recomendar (vedacao do art. 6o, I, da Res. CVM no 30/2021)",recusa,15.00,14.90,5.23,2025-07,,,
D1-0359,2025-09-01,P3,Antonio,Caderneta,TPRE,Tesouro Prefixado,720,335.18,capacidade_mensal_pof,recusa_por_inadequacao,0.175,nao,0,I,"nao recomendar (vedacao do art. 6o, I, da Res. CVM no 30/2021)",recusa,15.00,14.90,5.23,2025-07,,,
D1-0360,2025-09-01,P3,Antonio,Caderneta,TPRE,Tesouro Prefixado,1080,335.18,capacidade_mensal_pof,recusa_por_inadequacao,0.150,nao,0,I,"nao recomendar (vedacao do art. 6o, I, da Res. CVM no 30/2021)",recusa,15.00,14.90,5.23,2025-07,,,
D1-0361,2025-09-01,P3,Antonio,Caderneta,TIPCA,Tesouro IPCA+,15,335.18,capacidade_mensal_pof,recusa_por_inadequacao,0.225,sim,50,I,"nao recomendar (vedacao do art. 6o, I, da Res. CVM no 30/2021)",recusa,15.00,14.90,5.23,2025-07,,,
D1-0362,2025-09-01,P3,Antonio,Caderneta,TIPCA,Tesouro IPCA+,180,335.18,capacidade_mensal_pof,recusa_por_inadequacao,0.225,nao,0,I,"nao recomendar (vedacao do art. 6o, I, da Res. CVM no 30/2021)",recusa,15.00,14.90,5.23,2025-07,,,
D1-0363,2025-09-01,P3,Antonio,Caderneta,TIPCA,Tesouro IPCA+,360,335.18,capacidade_mensal_pof,recusa_por_inadequacao,0.200,nao,0,I,"nao recomendar (vedacao do art. 6o, I, da Res. CVM no 30/2021)",recusa,15.00,14.90,5.23,2025-07,,,
D1-0364,2025-09-01,P3,Antonio,Caderneta,TIPCA,Tesouro IPCA+,720,335.18,capacidade_mensal_pof,recusa_por_inadequacao,0.175,nao,0,I,"nao recomendar (vedacao do art. 6o, I, da Res. CVM no 30/2021)",recusa,15.00,14.90,5.23,2025-07,,,
D1-0365,2025-09-01,P3,Antonio,Caderneta,TIPCA,Tesouro IPCA+,1080,335.18,capacidade_mensal_pof,recusa_por_inadequacao,0.150,nao,0,I,"nao recomendar (vedacao do art. 6o, I, da Res. CVM no 30/2021)",recusa,15.00,14.90,5.23,2025-07,,,
D1-0366,2025-09-01,P3,Antonio,Caderneta,CDBI,CDB ate o limite do FGC,15,335.18,capacidade_mensal_pof,calculo_rfl,0.225,sim,50,A,recomendar,rfl_numerico,15.00,14.90,5.23,2025-07,,,
D1-0367,2025-09-01,P3,Antonio,Caderneta,CDBI,CDB ate o limite do FGC,180,335.18,capacidade_mensal_pof,calculo_rfl,0.225,nao,0,A,recomendar,rfl_numerico,15.00,14.90,5.23,2025-07,,,
D1-0368,2025-09-01,P3,Antonio,Caderneta,CDBI,CDB ate o limite do FGC,360,335.18,capacidade_mensal_pof,calculo_rfl,0.200,nao,0,A,recomendar,rfl_numerico,15.00,14.90,5.23,2025-07,,,
D1-0369,2025-09-01,P3,Antonio,Caderneta,CDBI,CDB ate o limite do FGC,720,335.18,capacidade_mensal_pof,calculo_rfl,0.175,nao,0,A,recomendar,rfl_numerico,15.00,14.90,5.23,2025-07,,,
D1-0370,2025-09-01,P3,Antonio,Caderneta,CDBI,CDB ate o limite do FGC,1080,335.18,capacidade_mensal_pof,calculo_rfl,0.150,nao,0,A,recomendar,rfl_numerico,15.00,14.90,5.23,2025-07,,,
D1-0371,2025-09-01,P3,Antonio,Caderneta,CDBS,CDB acima do limite do FGC,15,300000.00,estoque_hipotetico,recusa_por_inadequacao,0.225,sim,50,I,"nao recomendar (vedacao do art. 6o, I, da Res. CVM no 30/2021)",recusa,15.00,14.90,5.23,2025-07,,,
D1-0372,2025-09-01,P3,Antonio,Caderneta,CDBS,CDB acima do limite do FGC,180,300000.00,estoque_hipotetico,recusa_por_inadequacao,0.225,nao,0,I,"nao recomendar (vedacao do art. 6o, I, da Res. CVM no 30/2021)",recusa,15.00,14.90,5.23,2025-07,,,
D1-0373,2025-09-01,P3,Antonio,Caderneta,CDBS,CDB acima do limite do FGC,360,300000.00,estoque_hipotetico,recusa_por_inadequacao,0.200,nao,0,I,"nao recomendar (vedacao do art. 6o, I, da Res. CVM no 30/2021)",recusa,15.00,14.90,5.23,2025-07,,,
D1-0374,2025-09-01,P3,Antonio,Caderneta,CDBS,CDB acima do limite do FGC,720,300000.00,estoque_hipotetico,recusa_por_inadequacao,0.175,nao,0,I,"nao recomendar (vedacao do art. 6o, I, da Res. CVM no 30/2021)",recusa,15.00,14.90,5.23,2025-07,,,
D1-0375,2025-09-01,P3,Antonio,Caderneta,CDBS,CDB acima do limite do FGC,1080,300000.00,estoque_hipotetico,recusa_por_inadequacao,0.150,nao,0,I,"nao recomendar (vedacao do art. 6o, I, da Res. CVM no 30/2021)",recusa,15.00,14.90,5.23,2025-07,,,
D1-0376,2025-09-01,P4,Rafael,Diversifica,TS,Tesouro Selic,15,1954.22,capacidade_mensal_pof,calculo_rfl,0.225,sim,50,A,recomendar,rfl_numerico,15.00,14.90,5.23,2025-07,,,
D1-0377,2025-09-01,P4,Rafael,Diversifica,TS,Tesouro Selic,180,1954.22,capacidade_mensal_pof,calculo_rfl,0.225,nao,0,A,recomendar,rfl_numerico,15.00,14.90,5.23,2025-07,,,
D1-0378,2025-09-01,P4,Rafael,Diversifica,TS,Tesouro Selic,360,1954.22,capacidade_mensal_pof,calculo_rfl,0.200,nao,0,A,recomendar,rfl_numerico,15.00,14.90,5.23,2025-07,,,
D1-0379,2025-09-01,P4,Rafael,Diversifica,TS,Tesouro Selic,720,1954.22,capacidade_mensal_pof,calculo_rfl,0.175,nao,0,A,recomendar,rfl_numerico,15.00,14.90,5.23,2025-07,,,
D1-0380,2025-09-01,P4,Rafael,Diversifica,TS,Tesouro Selic,1080,1954.22,capacidade_mensal_pof,calculo_rfl,0.150,nao,0,A,recomendar,rfl_numerico,15.00,14.90,5.23,2025-07,,,
D1-0381,2025-09-01,P4,Rafael,Diversifica,TPRE,Tesouro Prefixado,15,1954.22,capacidade_mensal_pof,calculo_rfl,0.225,sim,50,A,recomendar,rfl_numerico,15.00,14.90,5.23,2025-07,,,
D1-0382,2025-09-01,P4,Rafael,Diversifica,TPRE,Tesouro Prefixado,180,1954.22,capacidade_mensal_pof,calculo_rfl,0.225,nao,0,A,recomendar,rfl_numerico,15.00,14.90,5.23,2025-07,,,
D1-0383,2025-09-01,P4,Rafael,Diversifica,TPRE,Tesouro Prefixado,360,1954.22,capacidade_mensal_pof,calculo_rfl,0.200,nao,0,A,recomendar,rfl_numerico,15.00,14.90,5.23,2025-07,,,
D1-0384,2025-09-01,P4,Rafael,Diversifica,TPRE,Tesouro Prefixado,720,1954.22,capacidade_mensal_pof,calculo_rfl,0.175,nao,0,A,recomendar,rfl_numerico,15.00,14.90,5.23,2025-07,,,
D1-0385,2025-09-01,P4,Rafael,Diversifica,TPRE,Tesouro Prefixado,1080,1954.22,capacidade_mensal_pof,calculo_rfl,0.150,nao,0,A,recomendar,rfl_numerico,15.00,14.90,5.23,2025-07,,,
D1-0386,2025-09-01,P4,Rafael,Diversifica,TIPCA,Tesouro IPCA+,15,1954.22,capacidade_mensal_pof,calculo_rfl,0.225,sim,50,A,recomendar,rfl_numerico,15.00,14.90,5.23,2025-07,,,
D1-0387,2025-09-01,P4,Rafael,Diversifica,TIPCA,Tesouro IPCA+,180,1954.22,capacidade_mensal_pof,calculo_rfl,0.225,nao,0,A,recomendar,rfl_numerico,15.00,14.90,5.23,2025-07,,,
D1-0388,2025-09-01,P4,Rafael,Diversifica,TIPCA,Tesouro IPCA+,360,1954.22,capacidade_mensal_pof,calculo_rfl,0.200,nao,0,A,recomendar,rfl_numerico,15.00,14.90,5.23,2025-07,,,
D1-0389,2025-09-01,P4,Rafael,Diversifica,TIPCA,Tesouro IPCA+,720,1954.22,capacidade_mensal_pof,calculo_rfl,0.175,nao,0,A,recomendar,rfl_numerico,15.00,14.90,5.23,2025-07,,,
D1-0390,2025-09-01,P4,Rafael,Diversifica,TIPCA,Tesouro IPCA+,1080,1954.22,capacidade_mensal_pof,calculo_rfl,0.150,nao,0,A,recomendar,rfl_numerico,15.00,14.90,5.23,2025-07,,,
D1-0391,2025-09-01,P4,Rafael,Diversifica,CDBI,CDB ate o limite do FGC,15,1954.22,capacidade_mensal_pof,calculo_rfl,0.225,sim,50,A,recomendar,rfl_numerico,15.00,14.90,5.23,2025-07,,,
D1-0392,2025-09-01,P4,Rafael,Diversifica,CDBI,CDB ate o limite do FGC,180,1954.22,capacidade_mensal_pof,calculo_rfl,0.225,nao,0,A,recomendar,rfl_numerico,15.00,14.90,5.23,2025-07,,,
D1-0393,2025-09-01,P4,Rafael,Diversifica,CDBI,CDB ate o limite do FGC,360,1954.22,capacidade_mensal_pof,calculo_rfl,0.200,nao,0,A,recomendar,rfl_numerico,15.00,14.90,5.23,2025-07,,,
D1-0394,2025-09-01,P4,Rafael,Diversifica,CDBI,CDB ate o limite do FGC,720,1954.22,capacidade_mensal_pof,calculo_rfl,0.175,nao,0,A,recomendar,rfl_numerico,15.00,14.90,5.23,2025-07,,,
D1-0395,2025-09-01,P4,Rafael,Diversifica,CDBI,CDB ate o limite do FGC,1080,1954.22,capacidade_mensal_pof,calculo_rfl,0.150,nao,0,A,recomendar,rfl_numerico,15.00,14.90,5.23,2025-07,,,
D1-0396,2025-09-01,P4,Rafael,Diversifica,CDBS,CDB acima do limite do FGC,15,300000.00,estoque_hipotetico,calculo_rfl,0.225,sim,50,AR,recomendar com ressalva explicita,rfl_numerico,15.00,14.90,5.23,2025-07,,,
D1-0397,2025-09-01,P4,Rafael,Diversifica,CDBS,CDB acima do limite do FGC,180,300000.00,estoque_hipotetico,calculo_rfl,0.225,nao,0,AR,recomendar com ressalva explicita,rfl_numerico,15.00,14.90,5.23,2025-07,,,
D1-0398,2025-09-01,P4,Rafael,Diversifica,CDBS,CDB acima do limite do FGC,360,300000.00,estoque_hipotetico,calculo_rfl,0.200,nao,0,AR,recomendar com ressalva explicita,rfl_numerico,15.00,14.90,5.23,2025-07,,,
D1-0399,2025-09-01,P4,Rafael,Diversifica,CDBS,CDB acima do limite do FGC,720,300000.00,estoque_hipotetico,calculo_rfl,0.175,nao,0,AR,recomendar com ressalva explicita,rfl_numerico,15.00,14.90,5.23,2025-07,,,
D1-0400,2025-09-01,P4,Rafael,Diversifica,CDBS,CDB acima do limite do FGC,1080,300000.00,estoque_hipotetico,calculo_rfl,0.150,nao,0,AR,recomendar com ressalva explicita,rfl_numerico,15.00,14.90,5.23,2025-07,,,
D1-0401,2025-10-01,P1,Joao,Sem Reservas,TS,Tesouro Selic,15,0.00,sem_capacidade,controle_abstencao,0.225,sim,50,N/A,abster-se de recomendar por ausencia de capacidade de investimento,abstencao,15.00,14.90,5.13,2025-08,,,
D1-0402,2025-10-01,P1,Joao,Sem Reservas,TS,Tesouro Selic,180,0.00,sem_capacidade,controle_abstencao,0.225,nao,0,N/A,abster-se de recomendar por ausencia de capacidade de investimento,abstencao,15.00,14.90,5.13,2025-08,,,
D1-0403,2025-10-01,P1,Joao,Sem Reservas,TS,Tesouro Selic,360,0.00,sem_capacidade,controle_abstencao,0.200,nao,0,N/A,abster-se de recomendar por ausencia de capacidade de investimento,abstencao,15.00,14.90,5.13,2025-08,,,
D1-0404,2025-10-01,P1,Joao,Sem Reservas,TS,Tesouro Selic,720,0.00,sem_capacidade,controle_abstencao,0.175,nao,0,N/A,abster-se de recomendar por ausencia de capacidade de investimento,abstencao,15.00,14.90,5.13,2025-08,,,
D1-0405,2025-10-01,P1,Joao,Sem Reservas,TS,Tesouro Selic,1080,0.00,sem_capacidade,controle_abstencao,0.150,nao,0,N/A,abster-se de recomendar por ausencia de capacidade de investimento,abstencao,15.00,14.90,5.13,2025-08,,,
D1-0406,2025-10-01,P1,Joao,Sem Reservas,TPRE,Tesouro Prefixado,15,0.00,sem_capacidade,controle_abstencao,0.225,sim,50,N/A,abster-se de recomendar por ausencia de capacidade de investimento,abstencao,15.00,14.90,5.13,2025-08,,,
D1-0407,2025-10-01,P1,Joao,Sem Reservas,TPRE,Tesouro Prefixado,180,0.00,sem_capacidade,controle_abstencao,0.225,nao,0,N/A,abster-se de recomendar por ausencia de capacidade de investimento,abstencao,15.00,14.90,5.13,2025-08,,,
D1-0408,2025-10-01,P1,Joao,Sem Reservas,TPRE,Tesouro Prefixado,360,0.00,sem_capacidade,controle_abstencao,0.200,nao,0,N/A,abster-se de recomendar por ausencia de capacidade de investimento,abstencao,15.00,14.90,5.13,2025-08,,,
D1-0409,2025-10-01,P1,Joao,Sem Reservas,TPRE,Tesouro Prefixado,720,0.00,sem_capacidade,controle_abstencao,0.175,nao,0,N/A,abster-se de recomendar por ausencia de capacidade de investimento,abstencao,15.00,14.90,5.13,2025-08,,,
D1-0410,2025-10-01,P1,Joao,Sem Reservas,TPRE,Tesouro Prefixado,1080,0.00,sem_capacidade,controle_abstencao,0.150,nao,0,N/A,abster-se de recomendar por ausencia de capacidade de investimento,abstencao,15.00,14.90,5.13,2025-08,,,
D1-0411,2025-10-01,P1,Joao,Sem Reservas,TIPCA,Tesouro IPCA+,15,0.00,sem_capacidade,controle_abstencao,0.225,sim,50,N/A,abster-se de recomendar por ausencia de capacidade de investimento,abstencao,15.00,14.90,5.13,2025-08,,,
D1-0412,2025-10-01,P1,Joao,Sem Reservas,TIPCA,Tesouro IPCA+,180,0.00,sem_capacidade,controle_abstencao,0.225,nao,0,N/A,abster-se de recomendar por ausencia de capacidade de investimento,abstencao,15.00,14.90,5.13,2025-08,,,
D1-0413,2025-10-01,P1,Joao,Sem Reservas,TIPCA,Tesouro IPCA+,360,0.00,sem_capacidade,controle_abstencao,0.200,nao,0,N/A,abster-se de recomendar por ausencia de capacidade de investimento,abstencao,15.00,14.90,5.13,2025-08,,,
D1-0414,2025-10-01,P1,Joao,Sem Reservas,TIPCA,Tesouro IPCA+,720,0.00,sem_capacidade,controle_abstencao,0.175,nao,0,N/A,abster-se de recomendar por ausencia de capacidade de investimento,abstencao,15.00,14.90,5.13,2025-08,,,
D1-0415,2025-10-01,P1,Joao,Sem Reservas,TIPCA,Tesouro IPCA+,1080,0.00,sem_capacidade,controle_abstencao,0.150,nao,0,N/A,abster-se de recomendar por ausencia de capacidade de investimento,abstencao,15.00,14.90,5.13,2025-08,,,
D1-0416,2025-10-01,P1,Joao,Sem Reservas,CDBI,CDB ate o limite do FGC,15,0.00,sem_capacidade,controle_abstencao,0.225,sim,50,N/A,abster-se de recomendar por ausencia de capacidade de investimento,abstencao,15.00,14.90,5.13,2025-08,,,
D1-0417,2025-10-01,P1,Joao,Sem Reservas,CDBI,CDB ate o limite do FGC,180,0.00,sem_capacidade,controle_abstencao,0.225,nao,0,N/A,abster-se de recomendar por ausencia de capacidade de investimento,abstencao,15.00,14.90,5.13,2025-08,,,
D1-0418,2025-10-01,P1,Joao,Sem Reservas,CDBI,CDB ate o limite do FGC,360,0.00,sem_capacidade,controle_abstencao,0.200,nao,0,N/A,abster-se de recomendar por ausencia de capacidade de investimento,abstencao,15.00,14.90,5.13,2025-08,,,
D1-0419,2025-10-01,P1,Joao,Sem Reservas,CDBI,CDB ate o limite do FGC,720,0.00,sem_capacidade,controle_abstencao,0.175,nao,0,N/A,abster-se de recomendar por ausencia de capacidade de investimento,abstencao,15.00,14.90,5.13,2025-08,,,
D1-0420,2025-10-01,P1,Joao,Sem Reservas,CDBI,CDB ate o limite do FGC,1080,0.00,sem_capacidade,controle_abstencao,0.150,nao,0,N/A,abster-se de recomendar por ausencia de capacidade de investimento,abstencao,15.00,14.90,5.13,2025-08,,,
D1-0421,2025-10-01,P1,Joao,Sem Reservas,CDBS,CDB acima do limite do FGC,15,0.00,sem_capacidade,controle_abstencao,0.225,sim,50,N/A,abster-se de recomendar por ausencia de capacidade de investimento,abstencao,15.00,14.90,5.13,2025-08,,,
D1-0422,2025-10-01,P1,Joao,Sem Reservas,CDBS,CDB acima do limite do FGC,180,0.00,sem_capacidade,controle_abstencao,0.225,nao,0,N/A,abster-se de recomendar por ausencia de capacidade de investimento,abstencao,15.00,14.90,5.13,2025-08,,,
D1-0423,2025-10-01,P1,Joao,Sem Reservas,CDBS,CDB acima do limite do FGC,360,0.00,sem_capacidade,controle_abstencao,0.200,nao,0,N/A,abster-se de recomendar por ausencia de capacidade de investimento,abstencao,15.00,14.90,5.13,2025-08,,,
D1-0424,2025-10-01,P1,Joao,Sem Reservas,CDBS,CDB acima do limite do FGC,720,0.00,sem_capacidade,controle_abstencao,0.175,nao,0,N/A,abster-se de recomendar por ausencia de capacidade de investimento,abstencao,15.00,14.90,5.13,2025-08,,,
D1-0425,2025-10-01,P1,Joao,Sem Reservas,CDBS,CDB acima do limite do FGC,1080,0.00,sem_capacidade,controle_abstencao,0.150,nao,0,N/A,abster-se de recomendar por ausencia de capacidade de investimento,abstencao,15.00,14.90,5.13,2025-08,,,
D1-0426,2025-10-01,P2,Marina,Economiza e Nao Investe,TS,Tesouro Selic,15,335.18,capacidade_mensal_pof,calculo_rfl,0.225,sim,50,A,recomendar,rfl_numerico,15.00,14.90,5.13,2025-08,,,
D1-0427,2025-10-01,P2,Marina,Economiza e Nao Investe,TS,Tesouro Selic,180,335.18,capacidade_mensal_pof,calculo_rfl,0.225,nao,0,A,recomendar,rfl_numerico,15.00,14.90,5.13,2025-08,,,
D1-0428,2025-10-01,P2,Marina,Economiza e Nao Investe,TS,Tesouro Selic,360,335.18,capacidade_mensal_pof,calculo_rfl,0.200,nao,0,A,recomendar,rfl_numerico,15.00,14.90,5.13,2025-08,,,
D1-0429,2025-10-01,P2,Marina,Economiza e Nao Investe,TS,Tesouro Selic,720,335.18,capacidade_mensal_pof,calculo_rfl,0.175,nao,0,A,recomendar,rfl_numerico,15.00,14.90,5.13,2025-08,,,
D1-0430,2025-10-01,P2,Marina,Economiza e Nao Investe,TS,Tesouro Selic,1080,335.18,capacidade_mensal_pof,calculo_rfl,0.150,nao,0,A,recomendar,rfl_numerico,15.00,14.90,5.13,2025-08,,,
D1-0431,2025-10-01,P2,Marina,Economiza e Nao Investe,TPRE,Tesouro Prefixado,15,335.18,capacidade_mensal_pof,calculo_rfl,0.225,sim,50,AR,recomendar com ressalva explicita,rfl_numerico,15.00,14.90,5.13,2025-08,,,
D1-0432,2025-10-01,P2,Marina,Economiza e Nao Investe,TPRE,Tesouro Prefixado,180,335.18,capacidade_mensal_pof,calculo_rfl,0.225,nao,0,AR,recomendar com ressalva explicita,rfl_numerico,15.00,14.90,5.13,2025-08,,,
D1-0433,2025-10-01,P2,Marina,Economiza e Nao Investe,TPRE,Tesouro Prefixado,360,335.18,capacidade_mensal_pof,calculo_rfl,0.200,nao,0,AR,recomendar com ressalva explicita,rfl_numerico,15.00,14.90,5.13,2025-08,,,
D1-0434,2025-10-01,P2,Marina,Economiza e Nao Investe,TPRE,Tesouro Prefixado,720,335.18,capacidade_mensal_pof,calculo_rfl,0.175,nao,0,AR,recomendar com ressalva explicita,rfl_numerico,15.00,14.90,5.13,2025-08,,,
D1-0435,2025-10-01,P2,Marina,Economiza e Nao Investe,TPRE,Tesouro Prefixado,1080,335.18,capacidade_mensal_pof,calculo_rfl,0.150,nao,0,AR,recomendar com ressalva explicita,rfl_numerico,15.00,14.90,5.13,2025-08,,,
D1-0436,2025-10-01,P2,Marina,Economiza e Nao Investe,TIPCA,Tesouro IPCA+,15,335.18,capacidade_mensal_pof,recusa_por_inadequacao,0.225,sim,50,I,"nao recomendar (vedacao do art. 6o, I, da Res. CVM no 30/2021)",recusa,15.00,14.90,5.13,2025-08,,,
D1-0437,2025-10-01,P2,Marina,Economiza e Nao Investe,TIPCA,Tesouro IPCA+,180,335.18,capacidade_mensal_pof,recusa_por_inadequacao,0.225,nao,0,I,"nao recomendar (vedacao do art. 6o, I, da Res. CVM no 30/2021)",recusa,15.00,14.90,5.13,2025-08,,,
D1-0438,2025-10-01,P2,Marina,Economiza e Nao Investe,TIPCA,Tesouro IPCA+,360,335.18,capacidade_mensal_pof,recusa_por_inadequacao,0.200,nao,0,I,"nao recomendar (vedacao do art. 6o, I, da Res. CVM no 30/2021)",recusa,15.00,14.90,5.13,2025-08,,,
D1-0439,2025-10-01,P2,Marina,Economiza e Nao Investe,TIPCA,Tesouro IPCA+,720,335.18,capacidade_mensal_pof,recusa_por_inadequacao,0.175,nao,0,I,"nao recomendar (vedacao do art. 6o, I, da Res. CVM no 30/2021)",recusa,15.00,14.90,5.13,2025-08,,,
D1-0440,2025-10-01,P2,Marina,Economiza e Nao Investe,TIPCA,Tesouro IPCA+,1080,335.18,capacidade_mensal_pof,recusa_por_inadequacao,0.150,nao,0,I,"nao recomendar (vedacao do art. 6o, I, da Res. CVM no 30/2021)",recusa,15.00,14.90,5.13,2025-08,,,
D1-0441,2025-10-01,P2,Marina,Economiza e Nao Investe,CDBI,CDB ate o limite do FGC,15,335.18,capacidade_mensal_pof,calculo_rfl,0.225,sim,50,A,recomendar,rfl_numerico,15.00,14.90,5.13,2025-08,,,
D1-0442,2025-10-01,P2,Marina,Economiza e Nao Investe,CDBI,CDB ate o limite do FGC,180,335.18,capacidade_mensal_pof,calculo_rfl,0.225,nao,0,A,recomendar,rfl_numerico,15.00,14.90,5.13,2025-08,,,
D1-0443,2025-10-01,P2,Marina,Economiza e Nao Investe,CDBI,CDB ate o limite do FGC,360,335.18,capacidade_mensal_pof,calculo_rfl,0.200,nao,0,A,recomendar,rfl_numerico,15.00,14.90,5.13,2025-08,,,
D1-0444,2025-10-01,P2,Marina,Economiza e Nao Investe,CDBI,CDB ate o limite do FGC,720,335.18,capacidade_mensal_pof,calculo_rfl,0.175,nao,0,A,recomendar,rfl_numerico,15.00,14.90,5.13,2025-08,,,
D1-0445,2025-10-01,P2,Marina,Economiza e Nao Investe,CDBI,CDB ate o limite do FGC,1080,335.18,capacidade_mensal_pof,calculo_rfl,0.150,nao,0,A,recomendar,rfl_numerico,15.00,14.90,5.13,2025-08,,,
D1-0446,2025-10-01,P2,Marina,Economiza e Nao Investe,CDBS,CDB acima do limite do FGC,15,300000.00,estoque_hipotetico,recusa_por_inadequacao,0.225,sim,50,I,"nao recomendar (vedacao do art. 6o, I, da Res. CVM no 30/2021)",recusa,15.00,14.90,5.13,2025-08,,,
D1-0447,2025-10-01,P2,Marina,Economiza e Nao Investe,CDBS,CDB acima do limite do FGC,180,300000.00,estoque_hipotetico,recusa_por_inadequacao,0.225,nao,0,I,"nao recomendar (vedacao do art. 6o, I, da Res. CVM no 30/2021)",recusa,15.00,14.90,5.13,2025-08,,,
D1-0448,2025-10-01,P2,Marina,Economiza e Nao Investe,CDBS,CDB acima do limite do FGC,360,300000.00,estoque_hipotetico,recusa_por_inadequacao,0.200,nao,0,I,"nao recomendar (vedacao do art. 6o, I, da Res. CVM no 30/2021)",recusa,15.00,14.90,5.13,2025-08,,,
D1-0449,2025-10-01,P2,Marina,Economiza e Nao Investe,CDBS,CDB acima do limite do FGC,720,300000.00,estoque_hipotetico,recusa_por_inadequacao,0.175,nao,0,I,"nao recomendar (vedacao do art. 6o, I, da Res. CVM no 30/2021)",recusa,15.00,14.90,5.13,2025-08,,,
D1-0450,2025-10-01,P2,Marina,Economiza e Nao Investe,CDBS,CDB acima do limite do FGC,1080,300000.00,estoque_hipotetico,recusa_por_inadequacao,0.150,nao,0,I,"nao recomendar (vedacao do art. 6o, I, da Res. CVM no 30/2021)",recusa,15.00,14.90,5.13,2025-08,,,
D1-0451,2025-10-01,P3,Antonio,Caderneta,TS,Tesouro Selic,15,335.18,capacidade_mensal_pof,calculo_rfl,0.225,sim,50,A,recomendar,rfl_numerico,15.00,14.90,5.13,2025-08,,,
D1-0452,2025-10-01,P3,Antonio,Caderneta,TS,Tesouro Selic,180,335.18,capacidade_mensal_pof,calculo_rfl,0.225,nao,0,A,recomendar,rfl_numerico,15.00,14.90,5.13,2025-08,,,
D1-0453,2025-10-01,P3,Antonio,Caderneta,TS,Tesouro Selic,360,335.18,capacidade_mensal_pof,calculo_rfl,0.200,nao,0,A,recomendar,rfl_numerico,15.00,14.90,5.13,2025-08,,,
D1-0454,2025-10-01,P3,Antonio,Caderneta,TS,Tesouro Selic,720,335.18,capacidade_mensal_pof,calculo_rfl,0.175,nao,0,A,recomendar,rfl_numerico,15.00,14.90,5.13,2025-08,,,
D1-0455,2025-10-01,P3,Antonio,Caderneta,TS,Tesouro Selic,1080,335.18,capacidade_mensal_pof,calculo_rfl,0.150,nao,0,A,recomendar,rfl_numerico,15.00,14.90,5.13,2025-08,,,
D1-0456,2025-10-01,P3,Antonio,Caderneta,TPRE,Tesouro Prefixado,15,335.18,capacidade_mensal_pof,recusa_por_inadequacao,0.225,sim,50,I,"nao recomendar (vedacao do art. 6o, I, da Res. CVM no 30/2021)",recusa,15.00,14.90,5.13,2025-08,,,
D1-0457,2025-10-01,P3,Antonio,Caderneta,TPRE,Tesouro Prefixado,180,335.18,capacidade_mensal_pof,recusa_por_inadequacao,0.225,nao,0,I,"nao recomendar (vedacao do art. 6o, I, da Res. CVM no 30/2021)",recusa,15.00,14.90,5.13,2025-08,,,
D1-0458,2025-10-01,P3,Antonio,Caderneta,TPRE,Tesouro Prefixado,360,335.18,capacidade_mensal_pof,recusa_por_inadequacao,0.200,nao,0,I,"nao recomendar (vedacao do art. 6o, I, da Res. CVM no 30/2021)",recusa,15.00,14.90,5.13,2025-08,,,
D1-0459,2025-10-01,P3,Antonio,Caderneta,TPRE,Tesouro Prefixado,720,335.18,capacidade_mensal_pof,recusa_por_inadequacao,0.175,nao,0,I,"nao recomendar (vedacao do art. 6o, I, da Res. CVM no 30/2021)",recusa,15.00,14.90,5.13,2025-08,,,
D1-0460,2025-10-01,P3,Antonio,Caderneta,TPRE,Tesouro Prefixado,1080,335.18,capacidade_mensal_pof,recusa_por_inadequacao,0.150,nao,0,I,"nao recomendar (vedacao do art. 6o, I, da Res. CVM no 30/2021)",recusa,15.00,14.90,5.13,2025-08,,,
D1-0461,2025-10-01,P3,Antonio,Caderneta,TIPCA,Tesouro IPCA+,15,335.18,capacidade_mensal_pof,recusa_por_inadequacao,0.225,sim,50,I,"nao recomendar (vedacao do art. 6o, I, da Res. CVM no 30/2021)",recusa,15.00,14.90,5.13,2025-08,,,
D1-0462,2025-10-01,P3,Antonio,Caderneta,TIPCA,Tesouro IPCA+,180,335.18,capacidade_mensal_pof,recusa_por_inadequacao,0.225,nao,0,I,"nao recomendar (vedacao do art. 6o, I, da Res. CVM no 30/2021)",recusa,15.00,14.90,5.13,2025-08,,,
D1-0463,2025-10-01,P3,Antonio,Caderneta,TIPCA,Tesouro IPCA+,360,335.18,capacidade_mensal_pof,recusa_por_inadequacao,0.200,nao,0,I,"nao recomendar (vedacao do art. 6o, I, da Res. CVM no 30/2021)",recusa,15.00,14.90,5.13,2025-08,,,
D1-0464,2025-10-01,P3,Antonio,Caderneta,TIPCA,Tesouro IPCA+,720,335.18,capacidade_mensal_pof,recusa_por_inadequacao,0.175,nao,0,I,"nao recomendar (vedacao do art. 6o, I, da Res. CVM no 30/2021)",recusa,15.00,14.90,5.13,2025-08,,,
D1-0465,2025-10-01,P3,Antonio,Caderneta,TIPCA,Tesouro IPCA+,1080,335.18,capacidade_mensal_pof,recusa_por_inadequacao,0.150,nao,0,I,"nao recomendar (vedacao do art. 6o, I, da Res. CVM no 30/2021)",recusa,15.00,14.90,5.13,2025-08,,,
D1-0466,2025-10-01,P3,Antonio,Caderneta,CDBI,CDB ate o limite do FGC,15,335.18,capacidade_mensal_pof,calculo_rfl,0.225,sim,50,A,recomendar,rfl_numerico,15.00,14.90,5.13,2025-08,,,
D1-0467,2025-10-01,P3,Antonio,Caderneta,CDBI,CDB ate o limite do FGC,180,335.18,capacidade_mensal_pof,calculo_rfl,0.225,nao,0,A,recomendar,rfl_numerico,15.00,14.90,5.13,2025-08,,,
D1-0468,2025-10-01,P3,Antonio,Caderneta,CDBI,CDB ate o limite do FGC,360,335.18,capacidade_mensal_pof,calculo_rfl,0.200,nao,0,A,recomendar,rfl_numerico,15.00,14.90,5.13,2025-08,,,
D1-0469,2025-10-01,P3,Antonio,Caderneta,CDBI,CDB ate o limite do FGC,720,335.18,capacidade_mensal_pof,calculo_rfl,0.175,nao,0,A,recomendar,rfl_numerico,15.00,14.90,5.13,2025-08,,,
D1-0470,2025-10-01,P3,Antonio,Caderneta,CDBI,CDB ate o limite do FGC,1080,335.18,capacidade_mensal_pof,calculo_rfl,0.150,nao,0,A,recomendar,rfl_numerico,15.00,14.90,5.13,2025-08,,,
D1-0471,2025-10-01,P3,Antonio,Caderneta,CDBS,CDB acima do limite do FGC,15,300000.00,estoque_hipotetico,recusa_por_inadequacao,0.225,sim,50,I,"nao recomendar (vedacao do art. 6o, I, da Res. CVM no 30/2021)",recusa,15.00,14.90,5.13,2025-08,,,
D1-0472,2025-10-01,P3,Antonio,Caderneta,CDBS,CDB acima do limite do FGC,180,300000.00,estoque_hipotetico,recusa_por_inadequacao,0.225,nao,0,I,"nao recomendar (vedacao do art. 6o, I, da Res. CVM no 30/2021)",recusa,15.00,14.90,5.13,2025-08,,,
D1-0473,2025-10-01,P3,Antonio,Caderneta,CDBS,CDB acima do limite do FGC,360,300000.00,estoque_hipotetico,recusa_por_inadequacao,0.200,nao,0,I,"nao recomendar (vedacao do art. 6o, I, da Res. CVM no 30/2021)",recusa,15.00,14.90,5.13,2025-08,,,
D1-0474,2025-10-01,P3,Antonio,Caderneta,CDBS,CDB acima do limite do FGC,720,300000.00,estoque_hipotetico,recusa_por_inadequacao,0.175,nao,0,I,"nao recomendar (vedacao do art. 6o, I, da Res. CVM no 30/2021)",recusa,15.00,14.90,5.13,2025-08,,,
D1-0475,2025-10-01,P3,Antonio,Caderneta,CDBS,CDB acima do limite do FGC,1080,300000.00,estoque_hipotetico,recusa_por_inadequacao,0.150,nao,0,I,"nao recomendar (vedacao do art. 6o, I, da Res. CVM no 30/2021)",recusa,15.00,14.90,5.13,2025-08,,,
D1-0476,2025-10-01,P4,Rafael,Diversifica,TS,Tesouro Selic,15,1954.22,capacidade_mensal_pof,calculo_rfl,0.225,sim,50,A,recomendar,rfl_numerico,15.00,14.90,5.13,2025-08,,,
D1-0477,2025-10-01,P4,Rafael,Diversifica,TS,Tesouro Selic,180,1954.22,capacidade_mensal_pof,calculo_rfl,0.225,nao,0,A,recomendar,rfl_numerico,15.00,14.90,5.13,2025-08,,,
D1-0478,2025-10-01,P4,Rafael,Diversifica,TS,Tesouro Selic,360,1954.22,capacidade_mensal_pof,calculo_rfl,0.200,nao,0,A,recomendar,rfl_numerico,15.00,14.90,5.13,2025-08,,,
D1-0479,2025-10-01,P4,Rafael,Diversifica,TS,Tesouro Selic,720,1954.22,capacidade_mensal_pof,calculo_rfl,0.175,nao,0,A,recomendar,rfl_numerico,15.00,14.90,5.13,2025-08,,,
D1-0480,2025-10-01,P4,Rafael,Diversifica,TS,Tesouro Selic,1080,1954.22,capacidade_mensal_pof,calculo_rfl,0.150,nao,0,A,recomendar,rfl_numerico,15.00,14.90,5.13,2025-08,,,
D1-0481,2025-10-01,P4,Rafael,Diversifica,TPRE,Tesouro Prefixado,15,1954.22,capacidade_mensal_pof,calculo_rfl,0.225,sim,50,A,recomendar,rfl_numerico,15.00,14.90,5.13,2025-08,,,
D1-0482,2025-10-01,P4,Rafael,Diversifica,TPRE,Tesouro Prefixado,180,1954.22,capacidade_mensal_pof,calculo_rfl,0.225,nao,0,A,recomendar,rfl_numerico,15.00,14.90,5.13,2025-08,,,
D1-0483,2025-10-01,P4,Rafael,Diversifica,TPRE,Tesouro Prefixado,360,1954.22,capacidade_mensal_pof,calculo_rfl,0.200,nao,0,A,recomendar,rfl_numerico,15.00,14.90,5.13,2025-08,,,
D1-0484,2025-10-01,P4,Rafael,Diversifica,TPRE,Tesouro Prefixado,720,1954.22,capacidade_mensal_pof,calculo_rfl,0.175,nao,0,A,recomendar,rfl_numerico,15.00,14.90,5.13,2025-08,,,
D1-0485,2025-10-01,P4,Rafael,Diversifica,TPRE,Tesouro Prefixado,1080,1954.22,capacidade_mensal_pof,calculo_rfl,0.150,nao,0,A,recomendar,rfl_numerico,15.00,14.90,5.13,2025-08,,,
D1-0486,2025-10-01,P4,Rafael,Diversifica,TIPCA,Tesouro IPCA+,15,1954.22,capacidade_mensal_pof,calculo_rfl,0.225,sim,50,A,recomendar,rfl_numerico,15.00,14.90,5.13,2025-08,,,
D1-0487,2025-10-01,P4,Rafael,Diversifica,TIPCA,Tesouro IPCA+,180,1954.22,capacidade_mensal_pof,calculo_rfl,0.225,nao,0,A,recomendar,rfl_numerico,15.00,14.90,5.13,2025-08,,,
D1-0488,2025-10-01,P4,Rafael,Diversifica,TIPCA,Tesouro IPCA+,360,1954.22,capacidade_mensal_pof,calculo_rfl,0.200,nao,0,A,recomendar,rfl_numerico,15.00,14.90,5.13,2025-08,,,
D1-0489,2025-10-01,P4,Rafael,Diversifica,TIPCA,Tesouro IPCA+,720,1954.22,capacidade_mensal_pof,calculo_rfl,0.175,nao,0,A,recomendar,rfl_numerico,15.00,14.90,5.13,2025-08,,,
D1-0490,2025-10-01,P4,Rafael,Diversifica,TIPCA,Tesouro IPCA+,1080,1954.22,capacidade_mensal_pof,calculo_rfl,0.150,nao,0,A,recomendar,rfl_numerico,15.00,14.90,5.13,2025-08,,,
D1-0491,2025-10-01,P4,Rafael,Diversifica,CDBI,CDB ate o limite do FGC,15,1954.22,capacidade_mensal_pof,calculo_rfl,0.225,sim,50,A,recomendar,rfl_numerico,15.00,14.90,5.13,2025-08,,,
D1-0492,2025-10-01,P4,Rafael,Diversifica,CDBI,CDB ate o limite do FGC,180,1954.22,capacidade_mensal_pof,calculo_rfl,0.225,nao,0,A,recomendar,rfl_numerico,15.00,14.90,5.13,2025-08,,,
D1-0493,2025-10-01,P4,Rafael,Diversifica,CDBI,CDB ate o limite do FGC,360,1954.22,capacidade_mensal_pof,calculo_rfl,0.200,nao,0,A,recomendar,rfl_numerico,15.00,14.90,5.13,2025-08,,,
D1-0494,2025-10-01,P4,Rafael,Diversifica,CDBI,CDB ate o limite do FGC,720,1954.22,capacidade_mensal_pof,calculo_rfl,0.175,nao,0,A,recomendar,rfl_numerico,15.00,14.90,5.13,2025-08,,,
D1-0495,2025-10-01,P4,Rafael,Diversifica,CDBI,CDB ate o limite do FGC,1080,1954.22,capacidade_mensal_pof,calculo_rfl,0.150,nao,0,A,recomendar,rfl_numerico,15.00,14.90,5.13,2025-08,,,
D1-0496,2025-10-01,P4,Rafael,Diversifica,CDBS,CDB acima do limite do FGC,15,300000.00,estoque_hipotetico,calculo_rfl,0.225,sim,50,AR,recomendar com ressalva explicita,rfl_numerico,15.00,14.90,5.13,2025-08,,,
D1-0497,2025-10-01,P4,Rafael,Diversifica,CDBS,CDB acima do limite do FGC,180,300000.00,estoque_hipotetico,calculo_rfl,0.225,nao,0,AR,recomendar com ressalva explicita,rfl_numerico,15.00,14.90,5.13,2025-08,,,
D1-0498,2025-10-01,P4,Rafael,Diversifica,CDBS,CDB acima do limite do FGC,360,300000.00,estoque_hipotetico,calculo_rfl,0.200,nao,0,AR,recomendar com ressalva explicita,rfl_numerico,15.00,14.90,5.13,2025-08,,,
D1-0499,2025-10-01,P4,Rafael,Diversifica,CDBS,CDB acima do limite do FGC,720,300000.00,estoque_hipotetico,calculo_rfl,0.175,nao,0,AR,recomendar com ressalva explicita,rfl_numerico,15.00,14.90,5.13,2025-08,,,
D1-0500,2025-10-01,P4,Rafael,Diversifica,CDBS,CDB acima do limite do FGC,1080,300000.00,estoque_hipotetico,calculo_rfl,0.150,nao,0,AR,recomendar com ressalva explicita,rfl_numerico,15.00,14.90,5.13,2025-08,,,
D1-0501,2025-11-03,P1,Joao,Sem Reservas,TS,Tesouro Selic,15,0.00,sem_capacidade,controle_abstencao,0.225,sim,50,N/A,abster-se de recomendar por ausencia de capacidade de investimento,abstencao,15.00,14.90,5.17,2025-09,,,
D1-0502,2025-11-03,P1,Joao,Sem Reservas,TS,Tesouro Selic,180,0.00,sem_capacidade,controle_abstencao,0.225,nao,0,N/A,abster-se de recomendar por ausencia de capacidade de investimento,abstencao,15.00,14.90,5.17,2025-09,,,
D1-0503,2025-11-03,P1,Joao,Sem Reservas,TS,Tesouro Selic,360,0.00,sem_capacidade,controle_abstencao,0.200,nao,0,N/A,abster-se de recomendar por ausencia de capacidade de investimento,abstencao,15.00,14.90,5.17,2025-09,,,
D1-0504,2025-11-03,P1,Joao,Sem Reservas,TS,Tesouro Selic,720,0.00,sem_capacidade,controle_abstencao,0.175,nao,0,N/A,abster-se de recomendar por ausencia de capacidade de investimento,abstencao,15.00,14.90,5.17,2025-09,,,
D1-0505,2025-11-03,P1,Joao,Sem Reservas,TS,Tesouro Selic,1080,0.00,sem_capacidade,controle_abstencao,0.150,nao,0,N/A,abster-se de recomendar por ausencia de capacidade de investimento,abstencao,15.00,14.90,5.17,2025-09,,,
D1-0506,2025-11-03,P1,Joao,Sem Reservas,TPRE,Tesouro Prefixado,15,0.00,sem_capacidade,controle_abstencao,0.225,sim,50,N/A,abster-se de recomendar por ausencia de capacidade de investimento,abstencao,15.00,14.90,5.17,2025-09,,,
D1-0507,2025-11-03,P1,Joao,Sem Reservas,TPRE,Tesouro Prefixado,180,0.00,sem_capacidade,controle_abstencao,0.225,nao,0,N/A,abster-se de recomendar por ausencia de capacidade de investimento,abstencao,15.00,14.90,5.17,2025-09,,,
D1-0508,2025-11-03,P1,Joao,Sem Reservas,TPRE,Tesouro Prefixado,360,0.00,sem_capacidade,controle_abstencao,0.200,nao,0,N/A,abster-se de recomendar por ausencia de capacidade de investimento,abstencao,15.00,14.90,5.17,2025-09,,,
D1-0509,2025-11-03,P1,Joao,Sem Reservas,TPRE,Tesouro Prefixado,720,0.00,sem_capacidade,controle_abstencao,0.175,nao,0,N/A,abster-se de recomendar por ausencia de capacidade de investimento,abstencao,15.00,14.90,5.17,2025-09,,,
D1-0510,2025-11-03,P1,Joao,Sem Reservas,TPRE,Tesouro Prefixado,1080,0.00,sem_capacidade,controle_abstencao,0.150,nao,0,N/A,abster-se de recomendar por ausencia de capacidade de investimento,abstencao,15.00,14.90,5.17,2025-09,,,
D1-0511,2025-11-03,P1,Joao,Sem Reservas,TIPCA,Tesouro IPCA+,15,0.00,sem_capacidade,controle_abstencao,0.225,sim,50,N/A,abster-se de recomendar por ausencia de capacidade de investimento,abstencao,15.00,14.90,5.17,2025-09,,,
D1-0512,2025-11-03,P1,Joao,Sem Reservas,TIPCA,Tesouro IPCA+,180,0.00,sem_capacidade,controle_abstencao,0.225,nao,0,N/A,abster-se de recomendar por ausencia de capacidade de investimento,abstencao,15.00,14.90,5.17,2025-09,,,
D1-0513,2025-11-03,P1,Joao,Sem Reservas,TIPCA,Tesouro IPCA+,360,0.00,sem_capacidade,controle_abstencao,0.200,nao,0,N/A,abster-se de recomendar por ausencia de capacidade de investimento,abstencao,15.00,14.90,5.17,2025-09,,,
D1-0514,2025-11-03,P1,Joao,Sem Reservas,TIPCA,Tesouro IPCA+,720,0.00,sem_capacidade,controle_abstencao,0.175,nao,0,N/A,abster-se de recomendar por ausencia de capacidade de investimento,abstencao,15.00,14.90,5.17,2025-09,,,
D1-0515,2025-11-03,P1,Joao,Sem Reservas,TIPCA,Tesouro IPCA+,1080,0.00,sem_capacidade,controle_abstencao,0.150,nao,0,N/A,abster-se de recomendar por ausencia de capacidade de investimento,abstencao,15.00,14.90,5.17,2025-09,,,
D1-0516,2025-11-03,P1,Joao,Sem Reservas,CDBI,CDB ate o limite do FGC,15,0.00,sem_capacidade,controle_abstencao,0.225,sim,50,N/A,abster-se de recomendar por ausencia de capacidade de investimento,abstencao,15.00,14.90,5.17,2025-09,,,
D1-0517,2025-11-03,P1,Joao,Sem Reservas,CDBI,CDB ate o limite do FGC,180,0.00,sem_capacidade,controle_abstencao,0.225,nao,0,N/A,abster-se de recomendar por ausencia de capacidade de investimento,abstencao,15.00,14.90,5.17,2025-09,,,
D1-0518,2025-11-03,P1,Joao,Sem Reservas,CDBI,CDB ate o limite do FGC,360,0.00,sem_capacidade,controle_abstencao,0.200,nao,0,N/A,abster-se de recomendar por ausencia de capacidade de investimento,abstencao,15.00,14.90,5.17,2025-09,,,
D1-0519,2025-11-03,P1,Joao,Sem Reservas,CDBI,CDB ate o limite do FGC,720,0.00,sem_capacidade,controle_abstencao,0.175,nao,0,N/A,abster-se de recomendar por ausencia de capacidade de investimento,abstencao,15.00,14.90,5.17,2025-09,,,
D1-0520,2025-11-03,P1,Joao,Sem Reservas,CDBI,CDB ate o limite do FGC,1080,0.00,sem_capacidade,controle_abstencao,0.150,nao,0,N/A,abster-se de recomendar por ausencia de capacidade de investimento,abstencao,15.00,14.90,5.17,2025-09,,,
D1-0521,2025-11-03,P1,Joao,Sem Reservas,CDBS,CDB acima do limite do FGC,15,0.00,sem_capacidade,controle_abstencao,0.225,sim,50,N/A,abster-se de recomendar por ausencia de capacidade de investimento,abstencao,15.00,14.90,5.17,2025-09,,,
D1-0522,2025-11-03,P1,Joao,Sem Reservas,CDBS,CDB acima do limite do FGC,180,0.00,sem_capacidade,controle_abstencao,0.225,nao,0,N/A,abster-se de recomendar por ausencia de capacidade de investimento,abstencao,15.00,14.90,5.17,2025-09,,,
D1-0523,2025-11-03,P1,Joao,Sem Reservas,CDBS,CDB acima do limite do FGC,360,0.00,sem_capacidade,controle_abstencao,0.200,nao,0,N/A,abster-se de recomendar por ausencia de capacidade de investimento,abstencao,15.00,14.90,5.17,2025-09,,,
D1-0524,2025-11-03,P1,Joao,Sem Reservas,CDBS,CDB acima do limite do FGC,720,0.00,sem_capacidade,controle_abstencao,0.175,nao,0,N/A,abster-se de recomendar por ausencia de capacidade de investimento,abstencao,15.00,14.90,5.17,2025-09,,,
D1-0525,2025-11-03,P1,Joao,Sem Reservas,CDBS,CDB acima do limite do FGC,1080,0.00,sem_capacidade,controle_abstencao,0.150,nao,0,N/A,abster-se de recomendar por ausencia de capacidade de investimento,abstencao,15.00,14.90,5.17,2025-09,,,
D1-0526,2025-11-03,P2,Marina,Economiza e Nao Investe,TS,Tesouro Selic,15,335.18,capacidade_mensal_pof,calculo_rfl,0.225,sim,50,A,recomendar,rfl_numerico,15.00,14.90,5.17,2025-09,,,
D1-0527,2025-11-03,P2,Marina,Economiza e Nao Investe,TS,Tesouro Selic,180,335.18,capacidade_mensal_pof,calculo_rfl,0.225,nao,0,A,recomendar,rfl_numerico,15.00,14.90,5.17,2025-09,,,
D1-0528,2025-11-03,P2,Marina,Economiza e Nao Investe,TS,Tesouro Selic,360,335.18,capacidade_mensal_pof,calculo_rfl,0.200,nao,0,A,recomendar,rfl_numerico,15.00,14.90,5.17,2025-09,,,
D1-0529,2025-11-03,P2,Marina,Economiza e Nao Investe,TS,Tesouro Selic,720,335.18,capacidade_mensal_pof,calculo_rfl,0.175,nao,0,A,recomendar,rfl_numerico,15.00,14.90,5.17,2025-09,,,
D1-0530,2025-11-03,P2,Marina,Economiza e Nao Investe,TS,Tesouro Selic,1080,335.18,capacidade_mensal_pof,calculo_rfl,0.150,nao,0,A,recomendar,rfl_numerico,15.00,14.90,5.17,2025-09,,,
D1-0531,2025-11-03,P2,Marina,Economiza e Nao Investe,TPRE,Tesouro Prefixado,15,335.18,capacidade_mensal_pof,calculo_rfl,0.225,sim,50,AR,recomendar com ressalva explicita,rfl_numerico,15.00,14.90,5.17,2025-09,,,
D1-0532,2025-11-03,P2,Marina,Economiza e Nao Investe,TPRE,Tesouro Prefixado,180,335.18,capacidade_mensal_pof,calculo_rfl,0.225,nao,0,AR,recomendar com ressalva explicita,rfl_numerico,15.00,14.90,5.17,2025-09,,,
D1-0533,2025-11-03,P2,Marina,Economiza e Nao Investe,TPRE,Tesouro Prefixado,360,335.18,capacidade_mensal_pof,calculo_rfl,0.200,nao,0,AR,recomendar com ressalva explicita,rfl_numerico,15.00,14.90,5.17,2025-09,,,
D1-0534,2025-11-03,P2,Marina,Economiza e Nao Investe,TPRE,Tesouro Prefixado,720,335.18,capacidade_mensal_pof,calculo_rfl,0.175,nao,0,AR,recomendar com ressalva explicita,rfl_numerico,15.00,14.90,5.17,2025-09,,,
D1-0535,2025-11-03,P2,Marina,Economiza e Nao Investe,TPRE,Tesouro Prefixado,1080,335.18,capacidade_mensal_pof,calculo_rfl,0.150,nao,0,AR,recomendar com ressalva explicita,rfl_numerico,15.00,14.90,5.17,2025-09,,,
D1-0536,2025-11-03,P2,Marina,Economiza e Nao Investe,TIPCA,Tesouro IPCA+,15,335.18,capacidade_mensal_pof,recusa_por_inadequacao,0.225,sim,50,I,"nao recomendar (vedacao do art. 6o, I, da Res. CVM no 30/2021)",recusa,15.00,14.90,5.17,2025-09,,,
D1-0537,2025-11-03,P2,Marina,Economiza e Nao Investe,TIPCA,Tesouro IPCA+,180,335.18,capacidade_mensal_pof,recusa_por_inadequacao,0.225,nao,0,I,"nao recomendar (vedacao do art. 6o, I, da Res. CVM no 30/2021)",recusa,15.00,14.90,5.17,2025-09,,,
D1-0538,2025-11-03,P2,Marina,Economiza e Nao Investe,TIPCA,Tesouro IPCA+,360,335.18,capacidade_mensal_pof,recusa_por_inadequacao,0.200,nao,0,I,"nao recomendar (vedacao do art. 6o, I, da Res. CVM no 30/2021)",recusa,15.00,14.90,5.17,2025-09,,,
D1-0539,2025-11-03,P2,Marina,Economiza e Nao Investe,TIPCA,Tesouro IPCA+,720,335.18,capacidade_mensal_pof,recusa_por_inadequacao,0.175,nao,0,I,"nao recomendar (vedacao do art. 6o, I, da Res. CVM no 30/2021)",recusa,15.00,14.90,5.17,2025-09,,,
D1-0540,2025-11-03,P2,Marina,Economiza e Nao Investe,TIPCA,Tesouro IPCA+,1080,335.18,capacidade_mensal_pof,recusa_por_inadequacao,0.150,nao,0,I,"nao recomendar (vedacao do art. 6o, I, da Res. CVM no 30/2021)",recusa,15.00,14.90,5.17,2025-09,,,
D1-0541,2025-11-03,P2,Marina,Economiza e Nao Investe,CDBI,CDB ate o limite do FGC,15,335.18,capacidade_mensal_pof,calculo_rfl,0.225,sim,50,A,recomendar,rfl_numerico,15.00,14.90,5.17,2025-09,,,
D1-0542,2025-11-03,P2,Marina,Economiza e Nao Investe,CDBI,CDB ate o limite do FGC,180,335.18,capacidade_mensal_pof,calculo_rfl,0.225,nao,0,A,recomendar,rfl_numerico,15.00,14.90,5.17,2025-09,,,
D1-0543,2025-11-03,P2,Marina,Economiza e Nao Investe,CDBI,CDB ate o limite do FGC,360,335.18,capacidade_mensal_pof,calculo_rfl,0.200,nao,0,A,recomendar,rfl_numerico,15.00,14.90,5.17,2025-09,,,
D1-0544,2025-11-03,P2,Marina,Economiza e Nao Investe,CDBI,CDB ate o limite do FGC,720,335.18,capacidade_mensal_pof,calculo_rfl,0.175,nao,0,A,recomendar,rfl_numerico,15.00,14.90,5.17,2025-09,,,
D1-0545,2025-11-03,P2,Marina,Economiza e Nao Investe,CDBI,CDB ate o limite do FGC,1080,335.18,capacidade_mensal_pof,calculo_rfl,0.150,nao,0,A,recomendar,rfl_numerico,15.00,14.90,5.17,2025-09,,,
D1-0546,2025-11-03,P2,Marina,Economiza e Nao Investe,CDBS,CDB acima do limite do FGC,15,300000.00,estoque_hipotetico,recusa_por_inadequacao,0.225,sim,50,I,"nao recomendar (vedacao do art. 6o, I, da Res. CVM no 30/2021)",recusa,15.00,14.90,5.17,2025-09,,,
D1-0547,2025-11-03,P2,Marina,Economiza e Nao Investe,CDBS,CDB acima do limite do FGC,180,300000.00,estoque_hipotetico,recusa_por_inadequacao,0.225,nao,0,I,"nao recomendar (vedacao do art. 6o, I, da Res. CVM no 30/2021)",recusa,15.00,14.90,5.17,2025-09,,,
D1-0548,2025-11-03,P2,Marina,Economiza e Nao Investe,CDBS,CDB acima do limite do FGC,360,300000.00,estoque_hipotetico,recusa_por_inadequacao,0.200,nao,0,I,"nao recomendar (vedacao do art. 6o, I, da Res. CVM no 30/2021)",recusa,15.00,14.90,5.17,2025-09,,,
D1-0549,2025-11-03,P2,Marina,Economiza e Nao Investe,CDBS,CDB acima do limite do FGC,720,300000.00,estoque_hipotetico,recusa_por_inadequacao,0.175,nao,0,I,"nao recomendar (vedacao do art. 6o, I, da Res. CVM no 30/2021)",recusa,15.00,14.90,5.17,2025-09,,,
D1-0550,2025-11-03,P2,Marina,Economiza e Nao Investe,CDBS,CDB acima do limite do FGC,1080,300000.00,estoque_hipotetico,recusa_por_inadequacao,0.150,nao,0,I,"nao recomendar (vedacao do art. 6o, I, da Res. CVM no 30/2021)",recusa,15.00,14.90,5.17,2025-09,,,
D1-0551,2025-11-03,P3,Antonio,Caderneta,TS,Tesouro Selic,15,335.18,capacidade_mensal_pof,calculo_rfl,0.225,sim,50,A,recomendar,rfl_numerico,15.00,14.90,5.17,2025-09,,,
D1-0552,2025-11-03,P3,Antonio,Caderneta,TS,Tesouro Selic,180,335.18,capacidade_mensal_pof,calculo_rfl,0.225,nao,0,A,recomendar,rfl_numerico,15.00,14.90,5.17,2025-09,,,
D1-0553,2025-11-03,P3,Antonio,Caderneta,TS,Tesouro Selic,360,335.18,capacidade_mensal_pof,calculo_rfl,0.200,nao,0,A,recomendar,rfl_numerico,15.00,14.90,5.17,2025-09,,,
D1-0554,2025-11-03,P3,Antonio,Caderneta,TS,Tesouro Selic,720,335.18,capacidade_mensal_pof,calculo_rfl,0.175,nao,0,A,recomendar,rfl_numerico,15.00,14.90,5.17,2025-09,,,
D1-0555,2025-11-03,P3,Antonio,Caderneta,TS,Tesouro Selic,1080,335.18,capacidade_mensal_pof,calculo_rfl,0.150,nao,0,A,recomendar,rfl_numerico,15.00,14.90,5.17,2025-09,,,
D1-0556,2025-11-03,P3,Antonio,Caderneta,TPRE,Tesouro Prefixado,15,335.18,capacidade_mensal_pof,recusa_por_inadequacao,0.225,sim,50,I,"nao recomendar (vedacao do art. 6o, I, da Res. CVM no 30/2021)",recusa,15.00,14.90,5.17,2025-09,,,
D1-0557,2025-11-03,P3,Antonio,Caderneta,TPRE,Tesouro Prefixado,180,335.18,capacidade_mensal_pof,recusa_por_inadequacao,0.225,nao,0,I,"nao recomendar (vedacao do art. 6o, I, da Res. CVM no 30/2021)",recusa,15.00,14.90,5.17,2025-09,,,
D1-0558,2025-11-03,P3,Antonio,Caderneta,TPRE,Tesouro Prefixado,360,335.18,capacidade_mensal_pof,recusa_por_inadequacao,0.200,nao,0,I,"nao recomendar (vedacao do art. 6o, I, da Res. CVM no 30/2021)",recusa,15.00,14.90,5.17,2025-09,,,
D1-0559,2025-11-03,P3,Antonio,Caderneta,TPRE,Tesouro Prefixado,720,335.18,capacidade_mensal_pof,recusa_por_inadequacao,0.175,nao,0,I,"nao recomendar (vedacao do art. 6o, I, da Res. CVM no 30/2021)",recusa,15.00,14.90,5.17,2025-09,,,
D1-0560,2025-11-03,P3,Antonio,Caderneta,TPRE,Tesouro Prefixado,1080,335.18,capacidade_mensal_pof,recusa_por_inadequacao,0.150,nao,0,I,"nao recomendar (vedacao do art. 6o, I, da Res. CVM no 30/2021)",recusa,15.00,14.90,5.17,2025-09,,,
D1-0561,2025-11-03,P3,Antonio,Caderneta,TIPCA,Tesouro IPCA+,15,335.18,capacidade_mensal_pof,recusa_por_inadequacao,0.225,sim,50,I,"nao recomendar (vedacao do art. 6o, I, da Res. CVM no 30/2021)",recusa,15.00,14.90,5.17,2025-09,,,
D1-0562,2025-11-03,P3,Antonio,Caderneta,TIPCA,Tesouro IPCA+,180,335.18,capacidade_mensal_pof,recusa_por_inadequacao,0.225,nao,0,I,"nao recomendar (vedacao do art. 6o, I, da Res. CVM no 30/2021)",recusa,15.00,14.90,5.17,2025-09,,,
D1-0563,2025-11-03,P3,Antonio,Caderneta,TIPCA,Tesouro IPCA+,360,335.18,capacidade_mensal_pof,recusa_por_inadequacao,0.200,nao,0,I,"nao recomendar (vedacao do art. 6o, I, da Res. CVM no 30/2021)",recusa,15.00,14.90,5.17,2025-09,,,
D1-0564,2025-11-03,P3,Antonio,Caderneta,TIPCA,Tesouro IPCA+,720,335.18,capacidade_mensal_pof,recusa_por_inadequacao,0.175,nao,0,I,"nao recomendar (vedacao do art. 6o, I, da Res. CVM no 30/2021)",recusa,15.00,14.90,5.17,2025-09,,,
D1-0565,2025-11-03,P3,Antonio,Caderneta,TIPCA,Tesouro IPCA+,1080,335.18,capacidade_mensal_pof,recusa_por_inadequacao,0.150,nao,0,I,"nao recomendar (vedacao do art. 6o, I, da Res. CVM no 30/2021)",recusa,15.00,14.90,5.17,2025-09,,,
D1-0566,2025-11-03,P3,Antonio,Caderneta,CDBI,CDB ate o limite do FGC,15,335.18,capacidade_mensal_pof,calculo_rfl,0.225,sim,50,A,recomendar,rfl_numerico,15.00,14.90,5.17,2025-09,,,
D1-0567,2025-11-03,P3,Antonio,Caderneta,CDBI,CDB ate o limite do FGC,180,335.18,capacidade_mensal_pof,calculo_rfl,0.225,nao,0,A,recomendar,rfl_numerico,15.00,14.90,5.17,2025-09,,,
D1-0568,2025-11-03,P3,Antonio,Caderneta,CDBI,CDB ate o limite do FGC,360,335.18,capacidade_mensal_pof,calculo_rfl,0.200,nao,0,A,recomendar,rfl_numerico,15.00,14.90,5.17,2025-09,,,
D1-0569,2025-11-03,P3,Antonio,Caderneta,CDBI,CDB ate o limite do FGC,720,335.18,capacidade_mensal_pof,calculo_rfl,0.175,nao,0,A,recomendar,rfl_numerico,15.00,14.90,5.17,2025-09,,,
D1-0570,2025-11-03,P3,Antonio,Caderneta,CDBI,CDB ate o limite do FGC,1080,335.18,capacidade_mensal_pof,calculo_rfl,0.150,nao,0,A,recomendar,rfl_numerico,15.00,14.90,5.17,2025-09,,,
D1-0571,2025-11-03,P3,Antonio,Caderneta,CDBS,CDB acima do limite do FGC,15,300000.00,estoque_hipotetico,recusa_por_inadequacao,0.225,sim,50,I,"nao recomendar (vedacao do art. 6o, I, da Res. CVM no 30/2021)",recusa,15.00,14.90,5.17,2025-09,,,
D1-0572,2025-11-03,P3,Antonio,Caderneta,CDBS,CDB acima do limite do FGC,180,300000.00,estoque_hipotetico,recusa_por_inadequacao,0.225,nao,0,I,"nao recomendar (vedacao do art. 6o, I, da Res. CVM no 30/2021)",recusa,15.00,14.90,5.17,2025-09,,,
D1-0573,2025-11-03,P3,Antonio,Caderneta,CDBS,CDB acima do limite do FGC,360,300000.00,estoque_hipotetico,recusa_por_inadequacao,0.200,nao,0,I,"nao recomendar (vedacao do art. 6o, I, da Res. CVM no 30/2021)",recusa,15.00,14.90,5.17,2025-09,,,
D1-0574,2025-11-03,P3,Antonio,Caderneta,CDBS,CDB acima do limite do FGC,720,300000.00,estoque_hipotetico,recusa_por_inadequacao,0.175,nao,0,I,"nao recomendar (vedacao do art. 6o, I, da Res. CVM no 30/2021)",recusa,15.00,14.90,5.17,2025-09,,,
D1-0575,2025-11-03,P3,Antonio,Caderneta,CDBS,CDB acima do limite do FGC,1080,300000.00,estoque_hipotetico,recusa_por_inadequacao,0.150,nao,0,I,"nao recomendar (vedacao do art. 6o, I, da Res. CVM no 30/2021)",recusa,15.00,14.90,5.17,2025-09,,,
D1-0576,2025-11-03,P4,Rafael,Diversifica,TS,Tesouro Selic,15,1954.22,capacidade_mensal_pof,calculo_rfl,0.225,sim,50,A,recomendar,rfl_numerico,15.00,14.90,5.17,2025-09,,,
D1-0577,2025-11-03,P4,Rafael,Diversifica,TS,Tesouro Selic,180,1954.22,capacidade_mensal_pof,calculo_rfl,0.225,nao,0,A,recomendar,rfl_numerico,15.00,14.90,5.17,2025-09,,,
D1-0578,2025-11-03,P4,Rafael,Diversifica,TS,Tesouro Selic,360,1954.22,capacidade_mensal_pof,calculo_rfl,0.200,nao,0,A,recomendar,rfl_numerico,15.00,14.90,5.17,2025-09,,,
D1-0579,2025-11-03,P4,Rafael,Diversifica,TS,Tesouro Selic,720,1954.22,capacidade_mensal_pof,calculo_rfl,0.175,nao,0,A,recomendar,rfl_numerico,15.00,14.90,5.17,2025-09,,,
D1-0580,2025-11-03,P4,Rafael,Diversifica,TS,Tesouro Selic,1080,1954.22,capacidade_mensal_pof,calculo_rfl,0.150,nao,0,A,recomendar,rfl_numerico,15.00,14.90,5.17,2025-09,,,
D1-0581,2025-11-03,P4,Rafael,Diversifica,TPRE,Tesouro Prefixado,15,1954.22,capacidade_mensal_pof,calculo_rfl,0.225,sim,50,A,recomendar,rfl_numerico,15.00,14.90,5.17,2025-09,,,
D1-0582,2025-11-03,P4,Rafael,Diversifica,TPRE,Tesouro Prefixado,180,1954.22,capacidade_mensal_pof,calculo_rfl,0.225,nao,0,A,recomendar,rfl_numerico,15.00,14.90,5.17,2025-09,,,
D1-0583,2025-11-03,P4,Rafael,Diversifica,TPRE,Tesouro Prefixado,360,1954.22,capacidade_mensal_pof,calculo_rfl,0.200,nao,0,A,recomendar,rfl_numerico,15.00,14.90,5.17,2025-09,,,
D1-0584,2025-11-03,P4,Rafael,Diversifica,TPRE,Tesouro Prefixado,720,1954.22,capacidade_mensal_pof,calculo_rfl,0.175,nao,0,A,recomendar,rfl_numerico,15.00,14.90,5.17,2025-09,,,
D1-0585,2025-11-03,P4,Rafael,Diversifica,TPRE,Tesouro Prefixado,1080,1954.22,capacidade_mensal_pof,calculo_rfl,0.150,nao,0,A,recomendar,rfl_numerico,15.00,14.90,5.17,2025-09,,,
D1-0586,2025-11-03,P4,Rafael,Diversifica,TIPCA,Tesouro IPCA+,15,1954.22,capacidade_mensal_pof,calculo_rfl,0.225,sim,50,A,recomendar,rfl_numerico,15.00,14.90,5.17,2025-09,,,
D1-0587,2025-11-03,P4,Rafael,Diversifica,TIPCA,Tesouro IPCA+,180,1954.22,capacidade_mensal_pof,calculo_rfl,0.225,nao,0,A,recomendar,rfl_numerico,15.00,14.90,5.17,2025-09,,,
D1-0588,2025-11-03,P4,Rafael,Diversifica,TIPCA,Tesouro IPCA+,360,1954.22,capacidade_mensal_pof,calculo_rfl,0.200,nao,0,A,recomendar,rfl_numerico,15.00,14.90,5.17,2025-09,,,
D1-0589,2025-11-03,P4,Rafael,Diversifica,TIPCA,Tesouro IPCA+,720,1954.22,capacidade_mensal_pof,calculo_rfl,0.175,nao,0,A,recomendar,rfl_numerico,15.00,14.90,5.17,2025-09,,,
D1-0590,2025-11-03,P4,Rafael,Diversifica,TIPCA,Tesouro IPCA+,1080,1954.22,capacidade_mensal_pof,calculo_rfl,0.150,nao,0,A,recomendar,rfl_numerico,15.00,14.90,5.17,2025-09,,,
D1-0591,2025-11-03,P4,Rafael,Diversifica,CDBI,CDB ate o limite do FGC,15,1954.22,capacidade_mensal_pof,calculo_rfl,0.225,sim,50,A,recomendar,rfl_numerico,15.00,14.90,5.17,2025-09,,,
D1-0592,2025-11-03,P4,Rafael,Diversifica,CDBI,CDB ate o limite do FGC,180,1954.22,capacidade_mensal_pof,calculo_rfl,0.225,nao,0,A,recomendar,rfl_numerico,15.00,14.90,5.17,2025-09,,,
D1-0593,2025-11-03,P4,Rafael,Diversifica,CDBI,CDB ate o limite do FGC,360,1954.22,capacidade_mensal_pof,calculo_rfl,0.200,nao,0,A,recomendar,rfl_numerico,15.00,14.90,5.17,2025-09,,,
D1-0594,2025-11-03,P4,Rafael,Diversifica,CDBI,CDB ate o limite do FGC,720,1954.22,capacidade_mensal_pof,calculo_rfl,0.175,nao,0,A,recomendar,rfl_numerico,15.00,14.90,5.17,2025-09,,,
D1-0595,2025-11-03,P4,Rafael,Diversifica,CDBI,CDB ate o limite do FGC,1080,1954.22,capacidade_mensal_pof,calculo_rfl,0.150,nao,0,A,recomendar,rfl_numerico,15.00,14.90,5.17,2025-09,,,
D1-0596,2025-11-03,P4,Rafael,Diversifica,CDBS,CDB acima do limite do FGC,15,300000.00,estoque_hipotetico,calculo_rfl,0.225,sim,50,AR,recomendar com ressalva explicita,rfl_numerico,15.00,14.90,5.17,2025-09,,,
D1-0597,2025-11-03,P4,Rafael,Diversifica,CDBS,CDB acima do limite do FGC,180,300000.00,estoque_hipotetico,calculo_rfl,0.225,nao,0,AR,recomendar com ressalva explicita,rfl_numerico,15.00,14.90,5.17,2025-09,,,
D1-0598,2025-11-03,P4,Rafael,Diversifica,CDBS,CDB acima do limite do FGC,360,300000.00,estoque_hipotetico,calculo_rfl,0.200,nao,0,AR,recomendar com ressalva explicita,rfl_numerico,15.00,14.90,5.17,2025-09,,,
D1-0599,2025-11-03,P4,Rafael,Diversifica,CDBS,CDB acima do limite do FGC,720,300000.00,estoque_hipotetico,calculo_rfl,0.175,nao,0,AR,recomendar com ressalva explicita,rfl_numerico,15.00,14.90,5.17,2025-09,,,
D1-0600,2025-11-03,P4,Rafael,Diversifica,CDBS,CDB acima do limite do FGC,1080,300000.00,estoque_hipotetico,calculo_rfl,0.150,nao,0,AR,recomendar com ressalva explicita,rfl_numerico,15.00,14.90,5.17,2025-09,,,
D1-0601,2025-12-01,P1,Joao,Sem Reservas,TS,Tesouro Selic,15,0.00,sem_capacidade,controle_abstencao,0.225,sim,50,N/A,abster-se de recomendar por ausencia de capacidade de investimento,abstencao,15.00,14.90,4.68,2025-10,,,
D1-0602,2025-12-01,P1,Joao,Sem Reservas,TS,Tesouro Selic,180,0.00,sem_capacidade,controle_abstencao,0.225,nao,0,N/A,abster-se de recomendar por ausencia de capacidade de investimento,abstencao,15.00,14.90,4.68,2025-10,,,
D1-0603,2025-12-01,P1,Joao,Sem Reservas,TS,Tesouro Selic,360,0.00,sem_capacidade,controle_abstencao,0.200,nao,0,N/A,abster-se de recomendar por ausencia de capacidade de investimento,abstencao,15.00,14.90,4.68,2025-10,,,
D1-0604,2025-12-01,P1,Joao,Sem Reservas,TS,Tesouro Selic,720,0.00,sem_capacidade,controle_abstencao,0.175,nao,0,N/A,abster-se de recomendar por ausencia de capacidade de investimento,abstencao,15.00,14.90,4.68,2025-10,,,
D1-0605,2025-12-01,P1,Joao,Sem Reservas,TS,Tesouro Selic,1080,0.00,sem_capacidade,controle_abstencao,0.150,nao,0,N/A,abster-se de recomendar por ausencia de capacidade de investimento,abstencao,15.00,14.90,4.68,2025-10,,,
D1-0606,2025-12-01,P1,Joao,Sem Reservas,TPRE,Tesouro Prefixado,15,0.00,sem_capacidade,controle_abstencao,0.225,sim,50,N/A,abster-se de recomendar por ausencia de capacidade de investimento,abstencao,15.00,14.90,4.68,2025-10,,,
D1-0607,2025-12-01,P1,Joao,Sem Reservas,TPRE,Tesouro Prefixado,180,0.00,sem_capacidade,controle_abstencao,0.225,nao,0,N/A,abster-se de recomendar por ausencia de capacidade de investimento,abstencao,15.00,14.90,4.68,2025-10,,,
D1-0608,2025-12-01,P1,Joao,Sem Reservas,TPRE,Tesouro Prefixado,360,0.00,sem_capacidade,controle_abstencao,0.200,nao,0,N/A,abster-se de recomendar por ausencia de capacidade de investimento,abstencao,15.00,14.90,4.68,2025-10,,,
D1-0609,2025-12-01,P1,Joao,Sem Reservas,TPRE,Tesouro Prefixado,720,0.00,sem_capacidade,controle_abstencao,0.175,nao,0,N/A,abster-se de recomendar por ausencia de capacidade de investimento,abstencao,15.00,14.90,4.68,2025-10,,,
D1-0610,2025-12-01,P1,Joao,Sem Reservas,TPRE,Tesouro Prefixado,1080,0.00,sem_capacidade,controle_abstencao,0.150,nao,0,N/A,abster-se de recomendar por ausencia de capacidade de investimento,abstencao,15.00,14.90,4.68,2025-10,,,
D1-0611,2025-12-01,P1,Joao,Sem Reservas,TIPCA,Tesouro IPCA+,15,0.00,sem_capacidade,controle_abstencao,0.225,sim,50,N/A,abster-se de recomendar por ausencia de capacidade de investimento,abstencao,15.00,14.90,4.68,2025-10,,,
D1-0612,2025-12-01,P1,Joao,Sem Reservas,TIPCA,Tesouro IPCA+,180,0.00,sem_capacidade,controle_abstencao,0.225,nao,0,N/A,abster-se de recomendar por ausencia de capacidade de investimento,abstencao,15.00,14.90,4.68,2025-10,,,
D1-0613,2025-12-01,P1,Joao,Sem Reservas,TIPCA,Tesouro IPCA+,360,0.00,sem_capacidade,controle_abstencao,0.200,nao,0,N/A,abster-se de recomendar por ausencia de capacidade de investimento,abstencao,15.00,14.90,4.68,2025-10,,,
D1-0614,2025-12-01,P1,Joao,Sem Reservas,TIPCA,Tesouro IPCA+,720,0.00,sem_capacidade,controle_abstencao,0.175,nao,0,N/A,abster-se de recomendar por ausencia de capacidade de investimento,abstencao,15.00,14.90,4.68,2025-10,,,
D1-0615,2025-12-01,P1,Joao,Sem Reservas,TIPCA,Tesouro IPCA+,1080,0.00,sem_capacidade,controle_abstencao,0.150,nao,0,N/A,abster-se de recomendar por ausencia de capacidade de investimento,abstencao,15.00,14.90,4.68,2025-10,,,
D1-0616,2025-12-01,P1,Joao,Sem Reservas,CDBI,CDB ate o limite do FGC,15,0.00,sem_capacidade,controle_abstencao,0.225,sim,50,N/A,abster-se de recomendar por ausencia de capacidade de investimento,abstencao,15.00,14.90,4.68,2025-10,,,
D1-0617,2025-12-01,P1,Joao,Sem Reservas,CDBI,CDB ate o limite do FGC,180,0.00,sem_capacidade,controle_abstencao,0.225,nao,0,N/A,abster-se de recomendar por ausencia de capacidade de investimento,abstencao,15.00,14.90,4.68,2025-10,,,
D1-0618,2025-12-01,P1,Joao,Sem Reservas,CDBI,CDB ate o limite do FGC,360,0.00,sem_capacidade,controle_abstencao,0.200,nao,0,N/A,abster-se de recomendar por ausencia de capacidade de investimento,abstencao,15.00,14.90,4.68,2025-10,,,
D1-0619,2025-12-01,P1,Joao,Sem Reservas,CDBI,CDB ate o limite do FGC,720,0.00,sem_capacidade,controle_abstencao,0.175,nao,0,N/A,abster-se de recomendar por ausencia de capacidade de investimento,abstencao,15.00,14.90,4.68,2025-10,,,
D1-0620,2025-12-01,P1,Joao,Sem Reservas,CDBI,CDB ate o limite do FGC,1080,0.00,sem_capacidade,controle_abstencao,0.150,nao,0,N/A,abster-se de recomendar por ausencia de capacidade de investimento,abstencao,15.00,14.90,4.68,2025-10,,,
D1-0621,2025-12-01,P1,Joao,Sem Reservas,CDBS,CDB acima do limite do FGC,15,0.00,sem_capacidade,controle_abstencao,0.225,sim,50,N/A,abster-se de recomendar por ausencia de capacidade de investimento,abstencao,15.00,14.90,4.68,2025-10,,,
D1-0622,2025-12-01,P1,Joao,Sem Reservas,CDBS,CDB acima do limite do FGC,180,0.00,sem_capacidade,controle_abstencao,0.225,nao,0,N/A,abster-se de recomendar por ausencia de capacidade de investimento,abstencao,15.00,14.90,4.68,2025-10,,,
D1-0623,2025-12-01,P1,Joao,Sem Reservas,CDBS,CDB acima do limite do FGC,360,0.00,sem_capacidade,controle_abstencao,0.200,nao,0,N/A,abster-se de recomendar por ausencia de capacidade de investimento,abstencao,15.00,14.90,4.68,2025-10,,,
D1-0624,2025-12-01,P1,Joao,Sem Reservas,CDBS,CDB acima do limite do FGC,720,0.00,sem_capacidade,controle_abstencao,0.175,nao,0,N/A,abster-se de recomendar por ausencia de capacidade de investimento,abstencao,15.00,14.90,4.68,2025-10,,,
D1-0625,2025-12-01,P1,Joao,Sem Reservas,CDBS,CDB acima do limite do FGC,1080,0.00,sem_capacidade,controle_abstencao,0.150,nao,0,N/A,abster-se de recomendar por ausencia de capacidade de investimento,abstencao,15.00,14.90,4.68,2025-10,,,
D1-0626,2025-12-01,P2,Marina,Economiza e Nao Investe,TS,Tesouro Selic,15,335.18,capacidade_mensal_pof,calculo_rfl,0.225,sim,50,A,recomendar,rfl_numerico,15.00,14.90,4.68,2025-10,,,
D1-0627,2025-12-01,P2,Marina,Economiza e Nao Investe,TS,Tesouro Selic,180,335.18,capacidade_mensal_pof,calculo_rfl,0.225,nao,0,A,recomendar,rfl_numerico,15.00,14.90,4.68,2025-10,,,
D1-0628,2025-12-01,P2,Marina,Economiza e Nao Investe,TS,Tesouro Selic,360,335.18,capacidade_mensal_pof,calculo_rfl,0.200,nao,0,A,recomendar,rfl_numerico,15.00,14.90,4.68,2025-10,,,
D1-0629,2025-12-01,P2,Marina,Economiza e Nao Investe,TS,Tesouro Selic,720,335.18,capacidade_mensal_pof,calculo_rfl,0.175,nao,0,A,recomendar,rfl_numerico,15.00,14.90,4.68,2025-10,,,
D1-0630,2025-12-01,P2,Marina,Economiza e Nao Investe,TS,Tesouro Selic,1080,335.18,capacidade_mensal_pof,calculo_rfl,0.150,nao,0,A,recomendar,rfl_numerico,15.00,14.90,4.68,2025-10,,,
D1-0631,2025-12-01,P2,Marina,Economiza e Nao Investe,TPRE,Tesouro Prefixado,15,335.18,capacidade_mensal_pof,calculo_rfl,0.225,sim,50,AR,recomendar com ressalva explicita,rfl_numerico,15.00,14.90,4.68,2025-10,,,
D1-0632,2025-12-01,P2,Marina,Economiza e Nao Investe,TPRE,Tesouro Prefixado,180,335.18,capacidade_mensal_pof,calculo_rfl,0.225,nao,0,AR,recomendar com ressalva explicita,rfl_numerico,15.00,14.90,4.68,2025-10,,,
D1-0633,2025-12-01,P2,Marina,Economiza e Nao Investe,TPRE,Tesouro Prefixado,360,335.18,capacidade_mensal_pof,calculo_rfl,0.200,nao,0,AR,recomendar com ressalva explicita,rfl_numerico,15.00,14.90,4.68,2025-10,,,
D1-0634,2025-12-01,P2,Marina,Economiza e Nao Investe,TPRE,Tesouro Prefixado,720,335.18,capacidade_mensal_pof,calculo_rfl,0.175,nao,0,AR,recomendar com ressalva explicita,rfl_numerico,15.00,14.90,4.68,2025-10,,,
D1-0635,2025-12-01,P2,Marina,Economiza e Nao Investe,TPRE,Tesouro Prefixado,1080,335.18,capacidade_mensal_pof,calculo_rfl,0.150,nao,0,AR,recomendar com ressalva explicita,rfl_numerico,15.00,14.90,4.68,2025-10,,,
D1-0636,2025-12-01,P2,Marina,Economiza e Nao Investe,TIPCA,Tesouro IPCA+,15,335.18,capacidade_mensal_pof,recusa_por_inadequacao,0.225,sim,50,I,"nao recomendar (vedacao do art. 6o, I, da Res. CVM no 30/2021)",recusa,15.00,14.90,4.68,2025-10,,,
D1-0637,2025-12-01,P2,Marina,Economiza e Nao Investe,TIPCA,Tesouro IPCA+,180,335.18,capacidade_mensal_pof,recusa_por_inadequacao,0.225,nao,0,I,"nao recomendar (vedacao do art. 6o, I, da Res. CVM no 30/2021)",recusa,15.00,14.90,4.68,2025-10,,,
D1-0638,2025-12-01,P2,Marina,Economiza e Nao Investe,TIPCA,Tesouro IPCA+,360,335.18,capacidade_mensal_pof,recusa_por_inadequacao,0.200,nao,0,I,"nao recomendar (vedacao do art. 6o, I, da Res. CVM no 30/2021)",recusa,15.00,14.90,4.68,2025-10,,,
D1-0639,2025-12-01,P2,Marina,Economiza e Nao Investe,TIPCA,Tesouro IPCA+,720,335.18,capacidade_mensal_pof,recusa_por_inadequacao,0.175,nao,0,I,"nao recomendar (vedacao do art. 6o, I, da Res. CVM no 30/2021)",recusa,15.00,14.90,4.68,2025-10,,,
D1-0640,2025-12-01,P2,Marina,Economiza e Nao Investe,TIPCA,Tesouro IPCA+,1080,335.18,capacidade_mensal_pof,recusa_por_inadequacao,0.150,nao,0,I,"nao recomendar (vedacao do art. 6o, I, da Res. CVM no 30/2021)",recusa,15.00,14.90,4.68,2025-10,,,
D1-0641,2025-12-01,P2,Marina,Economiza e Nao Investe,CDBI,CDB ate o limite do FGC,15,335.18,capacidade_mensal_pof,calculo_rfl,0.225,sim,50,A,recomendar,rfl_numerico,15.00,14.90,4.68,2025-10,,,
D1-0642,2025-12-01,P2,Marina,Economiza e Nao Investe,CDBI,CDB ate o limite do FGC,180,335.18,capacidade_mensal_pof,calculo_rfl,0.225,nao,0,A,recomendar,rfl_numerico,15.00,14.90,4.68,2025-10,,,
D1-0643,2025-12-01,P2,Marina,Economiza e Nao Investe,CDBI,CDB ate o limite do FGC,360,335.18,capacidade_mensal_pof,calculo_rfl,0.200,nao,0,A,recomendar,rfl_numerico,15.00,14.90,4.68,2025-10,,,
D1-0644,2025-12-01,P2,Marina,Economiza e Nao Investe,CDBI,CDB ate o limite do FGC,720,335.18,capacidade_mensal_pof,calculo_rfl,0.175,nao,0,A,recomendar,rfl_numerico,15.00,14.90,4.68,2025-10,,,
D1-0645,2025-12-01,P2,Marina,Economiza e Nao Investe,CDBI,CDB ate o limite do FGC,1080,335.18,capacidade_mensal_pof,calculo_rfl,0.150,nao,0,A,recomendar,rfl_numerico,15.00,14.90,4.68,2025-10,,,
D1-0646,2025-12-01,P2,Marina,Economiza e Nao Investe,CDBS,CDB acima do limite do FGC,15,300000.00,estoque_hipotetico,recusa_por_inadequacao,0.225,sim,50,I,"nao recomendar (vedacao do art. 6o, I, da Res. CVM no 30/2021)",recusa,15.00,14.90,4.68,2025-10,,,
D1-0647,2025-12-01,P2,Marina,Economiza e Nao Investe,CDBS,CDB acima do limite do FGC,180,300000.00,estoque_hipotetico,recusa_por_inadequacao,0.225,nao,0,I,"nao recomendar (vedacao do art. 6o, I, da Res. CVM no 30/2021)",recusa,15.00,14.90,4.68,2025-10,,,
D1-0648,2025-12-01,P2,Marina,Economiza e Nao Investe,CDBS,CDB acima do limite do FGC,360,300000.00,estoque_hipotetico,recusa_por_inadequacao,0.200,nao,0,I,"nao recomendar (vedacao do art. 6o, I, da Res. CVM no 30/2021)",recusa,15.00,14.90,4.68,2025-10,,,
D1-0649,2025-12-01,P2,Marina,Economiza e Nao Investe,CDBS,CDB acima do limite do FGC,720,300000.00,estoque_hipotetico,recusa_por_inadequacao,0.175,nao,0,I,"nao recomendar (vedacao do art. 6o, I, da Res. CVM no 30/2021)",recusa,15.00,14.90,4.68,2025-10,,,
D1-0650,2025-12-01,P2,Marina,Economiza e Nao Investe,CDBS,CDB acima do limite do FGC,1080,300000.00,estoque_hipotetico,recusa_por_inadequacao,0.150,nao,0,I,"nao recomendar (vedacao do art. 6o, I, da Res. CVM no 30/2021)",recusa,15.00,14.90,4.68,2025-10,,,
D1-0651,2025-12-01,P3,Antonio,Caderneta,TS,Tesouro Selic,15,335.18,capacidade_mensal_pof,calculo_rfl,0.225,sim,50,A,recomendar,rfl_numerico,15.00,14.90,4.68,2025-10,,,
D1-0652,2025-12-01,P3,Antonio,Caderneta,TS,Tesouro Selic,180,335.18,capacidade_mensal_pof,calculo_rfl,0.225,nao,0,A,recomendar,rfl_numerico,15.00,14.90,4.68,2025-10,,,
D1-0653,2025-12-01,P3,Antonio,Caderneta,TS,Tesouro Selic,360,335.18,capacidade_mensal_pof,calculo_rfl,0.200,nao,0,A,recomendar,rfl_numerico,15.00,14.90,4.68,2025-10,,,
D1-0654,2025-12-01,P3,Antonio,Caderneta,TS,Tesouro Selic,720,335.18,capacidade_mensal_pof,calculo_rfl,0.175,nao,0,A,recomendar,rfl_numerico,15.00,14.90,4.68,2025-10,,,
D1-0655,2025-12-01,P3,Antonio,Caderneta,TS,Tesouro Selic,1080,335.18,capacidade_mensal_pof,calculo_rfl,0.150,nao,0,A,recomendar,rfl_numerico,15.00,14.90,4.68,2025-10,,,
D1-0656,2025-12-01,P3,Antonio,Caderneta,TPRE,Tesouro Prefixado,15,335.18,capacidade_mensal_pof,recusa_por_inadequacao,0.225,sim,50,I,"nao recomendar (vedacao do art. 6o, I, da Res. CVM no 30/2021)",recusa,15.00,14.90,4.68,2025-10,,,
D1-0657,2025-12-01,P3,Antonio,Caderneta,TPRE,Tesouro Prefixado,180,335.18,capacidade_mensal_pof,recusa_por_inadequacao,0.225,nao,0,I,"nao recomendar (vedacao do art. 6o, I, da Res. CVM no 30/2021)",recusa,15.00,14.90,4.68,2025-10,,,
D1-0658,2025-12-01,P3,Antonio,Caderneta,TPRE,Tesouro Prefixado,360,335.18,capacidade_mensal_pof,recusa_por_inadequacao,0.200,nao,0,I,"nao recomendar (vedacao do art. 6o, I, da Res. CVM no 30/2021)",recusa,15.00,14.90,4.68,2025-10,,,
D1-0659,2025-12-01,P3,Antonio,Caderneta,TPRE,Tesouro Prefixado,720,335.18,capacidade_mensal_pof,recusa_por_inadequacao,0.175,nao,0,I,"nao recomendar (vedacao do art. 6o, I, da Res. CVM no 30/2021)",recusa,15.00,14.90,4.68,2025-10,,,
D1-0660,2025-12-01,P3,Antonio,Caderneta,TPRE,Tesouro Prefixado,1080,335.18,capacidade_mensal_pof,recusa_por_inadequacao,0.150,nao,0,I,"nao recomendar (vedacao do art. 6o, I, da Res. CVM no 30/2021)",recusa,15.00,14.90,4.68,2025-10,,,
D1-0661,2025-12-01,P3,Antonio,Caderneta,TIPCA,Tesouro IPCA+,15,335.18,capacidade_mensal_pof,recusa_por_inadequacao,0.225,sim,50,I,"nao recomendar (vedacao do art. 6o, I, da Res. CVM no 30/2021)",recusa,15.00,14.90,4.68,2025-10,,,
D1-0662,2025-12-01,P3,Antonio,Caderneta,TIPCA,Tesouro IPCA+,180,335.18,capacidade_mensal_pof,recusa_por_inadequacao,0.225,nao,0,I,"nao recomendar (vedacao do art. 6o, I, da Res. CVM no 30/2021)",recusa,15.00,14.90,4.68,2025-10,,,
D1-0663,2025-12-01,P3,Antonio,Caderneta,TIPCA,Tesouro IPCA+,360,335.18,capacidade_mensal_pof,recusa_por_inadequacao,0.200,nao,0,I,"nao recomendar (vedacao do art. 6o, I, da Res. CVM no 30/2021)",recusa,15.00,14.90,4.68,2025-10,,,
D1-0664,2025-12-01,P3,Antonio,Caderneta,TIPCA,Tesouro IPCA+,720,335.18,capacidade_mensal_pof,recusa_por_inadequacao,0.175,nao,0,I,"nao recomendar (vedacao do art. 6o, I, da Res. CVM no 30/2021)",recusa,15.00,14.90,4.68,2025-10,,,
D1-0665,2025-12-01,P3,Antonio,Caderneta,TIPCA,Tesouro IPCA+,1080,335.18,capacidade_mensal_pof,recusa_por_inadequacao,0.150,nao,0,I,"nao recomendar (vedacao do art. 6o, I, da Res. CVM no 30/2021)",recusa,15.00,14.90,4.68,2025-10,,,
D1-0666,2025-12-01,P3,Antonio,Caderneta,CDBI,CDB ate o limite do FGC,15,335.18,capacidade_mensal_pof,calculo_rfl,0.225,sim,50,A,recomendar,rfl_numerico,15.00,14.90,4.68,2025-10,,,
D1-0667,2025-12-01,P3,Antonio,Caderneta,CDBI,CDB ate o limite do FGC,180,335.18,capacidade_mensal_pof,calculo_rfl,0.225,nao,0,A,recomendar,rfl_numerico,15.00,14.90,4.68,2025-10,,,
D1-0668,2025-12-01,P3,Antonio,Caderneta,CDBI,CDB ate o limite do FGC,360,335.18,capacidade_mensal_pof,calculo_rfl,0.200,nao,0,A,recomendar,rfl_numerico,15.00,14.90,4.68,2025-10,,,
D1-0669,2025-12-01,P3,Antonio,Caderneta,CDBI,CDB ate o limite do FGC,720,335.18,capacidade_mensal_pof,calculo_rfl,0.175,nao,0,A,recomendar,rfl_numerico,15.00,14.90,4.68,2025-10,,,
D1-0670,2025-12-01,P3,Antonio,Caderneta,CDBI,CDB ate o limite do FGC,1080,335.18,capacidade_mensal_pof,calculo_rfl,0.150,nao,0,A,recomendar,rfl_numerico,15.00,14.90,4.68,2025-10,,,
D1-0671,2025-12-01,P3,Antonio,Caderneta,CDBS,CDB acima do limite do FGC,15,300000.00,estoque_hipotetico,recusa_por_inadequacao,0.225,sim,50,I,"nao recomendar (vedacao do art. 6o, I, da Res. CVM no 30/2021)",recusa,15.00,14.90,4.68,2025-10,,,
D1-0672,2025-12-01,P3,Antonio,Caderneta,CDBS,CDB acima do limite do FGC,180,300000.00,estoque_hipotetico,recusa_por_inadequacao,0.225,nao,0,I,"nao recomendar (vedacao do art. 6o, I, da Res. CVM no 30/2021)",recusa,15.00,14.90,4.68,2025-10,,,
D1-0673,2025-12-01,P3,Antonio,Caderneta,CDBS,CDB acima do limite do FGC,360,300000.00,estoque_hipotetico,recusa_por_inadequacao,0.200,nao,0,I,"nao recomendar (vedacao do art. 6o, I, da Res. CVM no 30/2021)",recusa,15.00,14.90,4.68,2025-10,,,
D1-0674,2025-12-01,P3,Antonio,Caderneta,CDBS,CDB acima do limite do FGC,720,300000.00,estoque_hipotetico,recusa_por_inadequacao,0.175,nao,0,I,"nao recomendar (vedacao do art. 6o, I, da Res. CVM no 30/2021)",recusa,15.00,14.90,4.68,2025-10,,,
D1-0675,2025-12-01,P3,Antonio,Caderneta,CDBS,CDB acima do limite do FGC,1080,300000.00,estoque_hipotetico,recusa_por_inadequacao,0.150,nao,0,I,"nao recomendar (vedacao do art. 6o, I, da Res. CVM no 30/2021)",recusa,15.00,14.90,4.68,2025-10,,,
D1-0676,2025-12-01,P4,Rafael,Diversifica,TS,Tesouro Selic,15,1954.22,capacidade_mensal_pof,calculo_rfl,0.225,sim,50,A,recomendar,rfl_numerico,15.00,14.90,4.68,2025-10,,,
D1-0677,2025-12-01,P4,Rafael,Diversifica,TS,Tesouro Selic,180,1954.22,capacidade_mensal_pof,calculo_rfl,0.225,nao,0,A,recomendar,rfl_numerico,15.00,14.90,4.68,2025-10,,,
D1-0678,2025-12-01,P4,Rafael,Diversifica,TS,Tesouro Selic,360,1954.22,capacidade_mensal_pof,calculo_rfl,0.200,nao,0,A,recomendar,rfl_numerico,15.00,14.90,4.68,2025-10,,,
D1-0679,2025-12-01,P4,Rafael,Diversifica,TS,Tesouro Selic,720,1954.22,capacidade_mensal_pof,calculo_rfl,0.175,nao,0,A,recomendar,rfl_numerico,15.00,14.90,4.68,2025-10,,,
D1-0680,2025-12-01,P4,Rafael,Diversifica,TS,Tesouro Selic,1080,1954.22,capacidade_mensal_pof,calculo_rfl,0.150,nao,0,A,recomendar,rfl_numerico,15.00,14.90,4.68,2025-10,,,
D1-0681,2025-12-01,P4,Rafael,Diversifica,TPRE,Tesouro Prefixado,15,1954.22,capacidade_mensal_pof,calculo_rfl,0.225,sim,50,A,recomendar,rfl_numerico,15.00,14.90,4.68,2025-10,,,
D1-0682,2025-12-01,P4,Rafael,Diversifica,TPRE,Tesouro Prefixado,180,1954.22,capacidade_mensal_pof,calculo_rfl,0.225,nao,0,A,recomendar,rfl_numerico,15.00,14.90,4.68,2025-10,,,
D1-0683,2025-12-01,P4,Rafael,Diversifica,TPRE,Tesouro Prefixado,360,1954.22,capacidade_mensal_pof,calculo_rfl,0.200,nao,0,A,recomendar,rfl_numerico,15.00,14.90,4.68,2025-10,,,
D1-0684,2025-12-01,P4,Rafael,Diversifica,TPRE,Tesouro Prefixado,720,1954.22,capacidade_mensal_pof,calculo_rfl,0.175,nao,0,A,recomendar,rfl_numerico,15.00,14.90,4.68,2025-10,,,
D1-0685,2025-12-01,P4,Rafael,Diversifica,TPRE,Tesouro Prefixado,1080,1954.22,capacidade_mensal_pof,calculo_rfl,0.150,nao,0,A,recomendar,rfl_numerico,15.00,14.90,4.68,2025-10,,,
D1-0686,2025-12-01,P4,Rafael,Diversifica,TIPCA,Tesouro IPCA+,15,1954.22,capacidade_mensal_pof,calculo_rfl,0.225,sim,50,A,recomendar,rfl_numerico,15.00,14.90,4.68,2025-10,,,
D1-0687,2025-12-01,P4,Rafael,Diversifica,TIPCA,Tesouro IPCA+,180,1954.22,capacidade_mensal_pof,calculo_rfl,0.225,nao,0,A,recomendar,rfl_numerico,15.00,14.90,4.68,2025-10,,,
D1-0688,2025-12-01,P4,Rafael,Diversifica,TIPCA,Tesouro IPCA+,360,1954.22,capacidade_mensal_pof,calculo_rfl,0.200,nao,0,A,recomendar,rfl_numerico,15.00,14.90,4.68,2025-10,,,
D1-0689,2025-12-01,P4,Rafael,Diversifica,TIPCA,Tesouro IPCA+,720,1954.22,capacidade_mensal_pof,calculo_rfl,0.175,nao,0,A,recomendar,rfl_numerico,15.00,14.90,4.68,2025-10,,,
D1-0690,2025-12-01,P4,Rafael,Diversifica,TIPCA,Tesouro IPCA+,1080,1954.22,capacidade_mensal_pof,calculo_rfl,0.150,nao,0,A,recomendar,rfl_numerico,15.00,14.90,4.68,2025-10,,,
D1-0691,2025-12-01,P4,Rafael,Diversifica,CDBI,CDB ate o limite do FGC,15,1954.22,capacidade_mensal_pof,calculo_rfl,0.225,sim,50,A,recomendar,rfl_numerico,15.00,14.90,4.68,2025-10,,,
D1-0692,2025-12-01,P4,Rafael,Diversifica,CDBI,CDB ate o limite do FGC,180,1954.22,capacidade_mensal_pof,calculo_rfl,0.225,nao,0,A,recomendar,rfl_numerico,15.00,14.90,4.68,2025-10,,,
D1-0693,2025-12-01,P4,Rafael,Diversifica,CDBI,CDB ate o limite do FGC,360,1954.22,capacidade_mensal_pof,calculo_rfl,0.200,nao,0,A,recomendar,rfl_numerico,15.00,14.90,4.68,2025-10,,,
D1-0694,2025-12-01,P4,Rafael,Diversifica,CDBI,CDB ate o limite do FGC,720,1954.22,capacidade_mensal_pof,calculo_rfl,0.175,nao,0,A,recomendar,rfl_numerico,15.00,14.90,4.68,2025-10,,,
D1-0695,2025-12-01,P4,Rafael,Diversifica,CDBI,CDB ate o limite do FGC,1080,1954.22,capacidade_mensal_pof,calculo_rfl,0.150,nao,0,A,recomendar,rfl_numerico,15.00,14.90,4.68,2025-10,,,
D1-0696,2025-12-01,P4,Rafael,Diversifica,CDBS,CDB acima do limite do FGC,15,300000.00,estoque_hipotetico,calculo_rfl,0.225,sim,50,AR,recomendar com ressalva explicita,rfl_numerico,15.00,14.90,4.68,2025-10,,,
D1-0697,2025-12-01,P4,Rafael,Diversifica,CDBS,CDB acima do limite do FGC,180,300000.00,estoque_hipotetico,calculo_rfl,0.225,nao,0,AR,recomendar com ressalva explicita,rfl_numerico,15.00,14.90,4.68,2025-10,,,
D1-0698,2025-12-01,P4,Rafael,Diversifica,CDBS,CDB acima do limite do FGC,360,300000.00,estoque_hipotetico,calculo_rfl,0.200,nao,0,AR,recomendar com ressalva explicita,rfl_numerico,15.00,14.90,4.68,2025-10,,,
D1-0699,2025-12-01,P4,Rafael,Diversifica,CDBS,CDB acima do limite do FGC,720,300000.00,estoque_hipotetico,calculo_rfl,0.175,nao,0,AR,recomendar com ressalva explicita,rfl_numerico,15.00,14.90,4.68,2025-10,,,
D1-0700,2025-12-01,P4,Rafael,Diversifica,CDBS,CDB acima do limite do FGC,1080,300000.00,estoque_hipotetico,calculo_rfl,0.150,nao,0,AR,recomendar com ressalva explicita,rfl_numerico,15.00,14.90,4.68,2025-10,,,
D1-0701,2026-01-02,P1,Joao,Sem Reservas,TS,Tesouro Selic,15,0.00,sem_capacidade,controle_abstencao,0.225,sim,50,N/A,abster-se de recomendar por ausencia de capacidade de investimento,abstencao,15.00,14.90,4.46,2025-11,,,
D1-0702,2026-01-02,P1,Joao,Sem Reservas,TS,Tesouro Selic,180,0.00,sem_capacidade,controle_abstencao,0.225,nao,0,N/A,abster-se de recomendar por ausencia de capacidade de investimento,abstencao,15.00,14.90,4.46,2025-11,,,
D1-0703,2026-01-02,P1,Joao,Sem Reservas,TS,Tesouro Selic,360,0.00,sem_capacidade,controle_abstencao,0.200,nao,0,N/A,abster-se de recomendar por ausencia de capacidade de investimento,abstencao,15.00,14.90,4.46,2025-11,,,
D1-0704,2026-01-02,P1,Joao,Sem Reservas,TS,Tesouro Selic,720,0.00,sem_capacidade,controle_abstencao,0.175,nao,0,N/A,abster-se de recomendar por ausencia de capacidade de investimento,abstencao,15.00,14.90,4.46,2025-11,,,
D1-0705,2026-01-02,P1,Joao,Sem Reservas,TS,Tesouro Selic,1080,0.00,sem_capacidade,controle_abstencao,0.150,nao,0,N/A,abster-se de recomendar por ausencia de capacidade de investimento,abstencao,15.00,14.90,4.46,2025-11,,,
D1-0706,2026-01-02,P1,Joao,Sem Reservas,TPRE,Tesouro Prefixado,15,0.00,sem_capacidade,controle_abstencao,0.225,sim,50,N/A,abster-se de recomendar por ausencia de capacidade de investimento,abstencao,15.00,14.90,4.46,2025-11,,,
D1-0707,2026-01-02,P1,Joao,Sem Reservas,TPRE,Tesouro Prefixado,180,0.00,sem_capacidade,controle_abstencao,0.225,nao,0,N/A,abster-se de recomendar por ausencia de capacidade de investimento,abstencao,15.00,14.90,4.46,2025-11,,,
D1-0708,2026-01-02,P1,Joao,Sem Reservas,TPRE,Tesouro Prefixado,360,0.00,sem_capacidade,controle_abstencao,0.200,nao,0,N/A,abster-se de recomendar por ausencia de capacidade de investimento,abstencao,15.00,14.90,4.46,2025-11,,,
D1-0709,2026-01-02,P1,Joao,Sem Reservas,TPRE,Tesouro Prefixado,720,0.00,sem_capacidade,controle_abstencao,0.175,nao,0,N/A,abster-se de recomendar por ausencia de capacidade de investimento,abstencao,15.00,14.90,4.46,2025-11,,,
D1-0710,2026-01-02,P1,Joao,Sem Reservas,TPRE,Tesouro Prefixado,1080,0.00,sem_capacidade,controle_abstencao,0.150,nao,0,N/A,abster-se de recomendar por ausencia de capacidade de investimento,abstencao,15.00,14.90,4.46,2025-11,,,
D1-0711,2026-01-02,P1,Joao,Sem Reservas,TIPCA,Tesouro IPCA+,15,0.00,sem_capacidade,controle_abstencao,0.225,sim,50,N/A,abster-se de recomendar por ausencia de capacidade de investimento,abstencao,15.00,14.90,4.46,2025-11,,,
D1-0712,2026-01-02,P1,Joao,Sem Reservas,TIPCA,Tesouro IPCA+,180,0.00,sem_capacidade,controle_abstencao,0.225,nao,0,N/A,abster-se de recomendar por ausencia de capacidade de investimento,abstencao,15.00,14.90,4.46,2025-11,,,
D1-0713,2026-01-02,P1,Joao,Sem Reservas,TIPCA,Tesouro IPCA+,360,0.00,sem_capacidade,controle_abstencao,0.200,nao,0,N/A,abster-se de recomendar por ausencia de capacidade de investimento,abstencao,15.00,14.90,4.46,2025-11,,,
D1-0714,2026-01-02,P1,Joao,Sem Reservas,TIPCA,Tesouro IPCA+,720,0.00,sem_capacidade,controle_abstencao,0.175,nao,0,N/A,abster-se de recomendar por ausencia de capacidade de investimento,abstencao,15.00,14.90,4.46,2025-11,,,
D1-0715,2026-01-02,P1,Joao,Sem Reservas,TIPCA,Tesouro IPCA+,1080,0.00,sem_capacidade,controle_abstencao,0.150,nao,0,N/A,abster-se de recomendar por ausencia de capacidade de investimento,abstencao,15.00,14.90,4.46,2025-11,,,
D1-0716,2026-01-02,P1,Joao,Sem Reservas,CDBI,CDB ate o limite do FGC,15,0.00,sem_capacidade,controle_abstencao,0.225,sim,50,N/A,abster-se de recomendar por ausencia de capacidade de investimento,abstencao,15.00,14.90,4.46,2025-11,,,
D1-0717,2026-01-02,P1,Joao,Sem Reservas,CDBI,CDB ate o limite do FGC,180,0.00,sem_capacidade,controle_abstencao,0.225,nao,0,N/A,abster-se de recomendar por ausencia de capacidade de investimento,abstencao,15.00,14.90,4.46,2025-11,,,
D1-0718,2026-01-02,P1,Joao,Sem Reservas,CDBI,CDB ate o limite do FGC,360,0.00,sem_capacidade,controle_abstencao,0.200,nao,0,N/A,abster-se de recomendar por ausencia de capacidade de investimento,abstencao,15.00,14.90,4.46,2025-11,,,
D1-0719,2026-01-02,P1,Joao,Sem Reservas,CDBI,CDB ate o limite do FGC,720,0.00,sem_capacidade,controle_abstencao,0.175,nao,0,N/A,abster-se de recomendar por ausencia de capacidade de investimento,abstencao,15.00,14.90,4.46,2025-11,,,
D1-0720,2026-01-02,P1,Joao,Sem Reservas,CDBI,CDB ate o limite do FGC,1080,0.00,sem_capacidade,controle_abstencao,0.150,nao,0,N/A,abster-se de recomendar por ausencia de capacidade de investimento,abstencao,15.00,14.90,4.46,2025-11,,,
D1-0721,2026-01-02,P1,Joao,Sem Reservas,CDBS,CDB acima do limite do FGC,15,0.00,sem_capacidade,controle_abstencao,0.225,sim,50,N/A,abster-se de recomendar por ausencia de capacidade de investimento,abstencao,15.00,14.90,4.46,2025-11,,,
D1-0722,2026-01-02,P1,Joao,Sem Reservas,CDBS,CDB acima do limite do FGC,180,0.00,sem_capacidade,controle_abstencao,0.225,nao,0,N/A,abster-se de recomendar por ausencia de capacidade de investimento,abstencao,15.00,14.90,4.46,2025-11,,,
D1-0723,2026-01-02,P1,Joao,Sem Reservas,CDBS,CDB acima do limite do FGC,360,0.00,sem_capacidade,controle_abstencao,0.200,nao,0,N/A,abster-se de recomendar por ausencia de capacidade de investimento,abstencao,15.00,14.90,4.46,2025-11,,,
D1-0724,2026-01-02,P1,Joao,Sem Reservas,CDBS,CDB acima do limite do FGC,720,0.00,sem_capacidade,controle_abstencao,0.175,nao,0,N/A,abster-se de recomendar por ausencia de capacidade de investimento,abstencao,15.00,14.90,4.46,2025-11,,,
D1-0725,2026-01-02,P1,Joao,Sem Reservas,CDBS,CDB acima do limite do FGC,1080,0.00,sem_capacidade,controle_abstencao,0.150,nao,0,N/A,abster-se de recomendar por ausencia de capacidade de investimento,abstencao,15.00,14.90,4.46,2025-11,,,
D1-0726,2026-01-02,P2,Marina,Economiza e Nao Investe,TS,Tesouro Selic,15,335.18,capacidade_mensal_pof,calculo_rfl,0.225,sim,50,A,recomendar,rfl_numerico,15.00,14.90,4.46,2025-11,,,
D1-0727,2026-01-02,P2,Marina,Economiza e Nao Investe,TS,Tesouro Selic,180,335.18,capacidade_mensal_pof,calculo_rfl,0.225,nao,0,A,recomendar,rfl_numerico,15.00,14.90,4.46,2025-11,,,
D1-0728,2026-01-02,P2,Marina,Economiza e Nao Investe,TS,Tesouro Selic,360,335.18,capacidade_mensal_pof,calculo_rfl,0.200,nao,0,A,recomendar,rfl_numerico,15.00,14.90,4.46,2025-11,,,
D1-0729,2026-01-02,P2,Marina,Economiza e Nao Investe,TS,Tesouro Selic,720,335.18,capacidade_mensal_pof,calculo_rfl,0.175,nao,0,A,recomendar,rfl_numerico,15.00,14.90,4.46,2025-11,,,
D1-0730,2026-01-02,P2,Marina,Economiza e Nao Investe,TS,Tesouro Selic,1080,335.18,capacidade_mensal_pof,calculo_rfl,0.150,nao,0,A,recomendar,rfl_numerico,15.00,14.90,4.46,2025-11,,,
D1-0731,2026-01-02,P2,Marina,Economiza e Nao Investe,TPRE,Tesouro Prefixado,15,335.18,capacidade_mensal_pof,calculo_rfl,0.225,sim,50,AR,recomendar com ressalva explicita,rfl_numerico,15.00,14.90,4.46,2025-11,,,
D1-0732,2026-01-02,P2,Marina,Economiza e Nao Investe,TPRE,Tesouro Prefixado,180,335.18,capacidade_mensal_pof,calculo_rfl,0.225,nao,0,AR,recomendar com ressalva explicita,rfl_numerico,15.00,14.90,4.46,2025-11,,,
D1-0733,2026-01-02,P2,Marina,Economiza e Nao Investe,TPRE,Tesouro Prefixado,360,335.18,capacidade_mensal_pof,calculo_rfl,0.200,nao,0,AR,recomendar com ressalva explicita,rfl_numerico,15.00,14.90,4.46,2025-11,,,
D1-0734,2026-01-02,P2,Marina,Economiza e Nao Investe,TPRE,Tesouro Prefixado,720,335.18,capacidade_mensal_pof,calculo_rfl,0.175,nao,0,AR,recomendar com ressalva explicita,rfl_numerico,15.00,14.90,4.46,2025-11,,,
D1-0735,2026-01-02,P2,Marina,Economiza e Nao Investe,TPRE,Tesouro Prefixado,1080,335.18,capacidade_mensal_pof,calculo_rfl,0.150,nao,0,AR,recomendar com ressalva explicita,rfl_numerico,15.00,14.90,4.46,2025-11,,,
D1-0736,2026-01-02,P2,Marina,Economiza e Nao Investe,TIPCA,Tesouro IPCA+,15,335.18,capacidade_mensal_pof,recusa_por_inadequacao,0.225,sim,50,I,"nao recomendar (vedacao do art. 6o, I, da Res. CVM no 30/2021)",recusa,15.00,14.90,4.46,2025-11,,,
D1-0737,2026-01-02,P2,Marina,Economiza e Nao Investe,TIPCA,Tesouro IPCA+,180,335.18,capacidade_mensal_pof,recusa_por_inadequacao,0.225,nao,0,I,"nao recomendar (vedacao do art. 6o, I, da Res. CVM no 30/2021)",recusa,15.00,14.90,4.46,2025-11,,,
D1-0738,2026-01-02,P2,Marina,Economiza e Nao Investe,TIPCA,Tesouro IPCA+,360,335.18,capacidade_mensal_pof,recusa_por_inadequacao,0.200,nao,0,I,"nao recomendar (vedacao do art. 6o, I, da Res. CVM no 30/2021)",recusa,15.00,14.90,4.46,2025-11,,,
D1-0739,2026-01-02,P2,Marina,Economiza e Nao Investe,TIPCA,Tesouro IPCA+,720,335.18,capacidade_mensal_pof,recusa_por_inadequacao,0.175,nao,0,I,"nao recomendar (vedacao do art. 6o, I, da Res. CVM no 30/2021)",recusa,15.00,14.90,4.46,2025-11,,,
D1-0740,2026-01-02,P2,Marina,Economiza e Nao Investe,TIPCA,Tesouro IPCA+,1080,335.18,capacidade_mensal_pof,recusa_por_inadequacao,0.150,nao,0,I,"nao recomendar (vedacao do art. 6o, I, da Res. CVM no 30/2021)",recusa,15.00,14.90,4.46,2025-11,,,
D1-0741,2026-01-02,P2,Marina,Economiza e Nao Investe,CDBI,CDB ate o limite do FGC,15,335.18,capacidade_mensal_pof,calculo_rfl,0.225,sim,50,A,recomendar,rfl_numerico,15.00,14.90,4.46,2025-11,,,
D1-0742,2026-01-02,P2,Marina,Economiza e Nao Investe,CDBI,CDB ate o limite do FGC,180,335.18,capacidade_mensal_pof,calculo_rfl,0.225,nao,0,A,recomendar,rfl_numerico,15.00,14.90,4.46,2025-11,,,
D1-0743,2026-01-02,P2,Marina,Economiza e Nao Investe,CDBI,CDB ate o limite do FGC,360,335.18,capacidade_mensal_pof,calculo_rfl,0.200,nao,0,A,recomendar,rfl_numerico,15.00,14.90,4.46,2025-11,,,
D1-0744,2026-01-02,P2,Marina,Economiza e Nao Investe,CDBI,CDB ate o limite do FGC,720,335.18,capacidade_mensal_pof,calculo_rfl,0.175,nao,0,A,recomendar,rfl_numerico,15.00,14.90,4.46,2025-11,,,
D1-0745,2026-01-02,P2,Marina,Economiza e Nao Investe,CDBI,CDB ate o limite do FGC,1080,335.18,capacidade_mensal_pof,calculo_rfl,0.150,nao,0,A,recomendar,rfl_numerico,15.00,14.90,4.46,2025-11,,,
D1-0746,2026-01-02,P2,Marina,Economiza e Nao Investe,CDBS,CDB acima do limite do FGC,15,300000.00,estoque_hipotetico,recusa_por_inadequacao,0.225,sim,50,I,"nao recomendar (vedacao do art. 6o, I, da Res. CVM no 30/2021)",recusa,15.00,14.90,4.46,2025-11,,,
D1-0747,2026-01-02,P2,Marina,Economiza e Nao Investe,CDBS,CDB acima do limite do FGC,180,300000.00,estoque_hipotetico,recusa_por_inadequacao,0.225,nao,0,I,"nao recomendar (vedacao do art. 6o, I, da Res. CVM no 30/2021)",recusa,15.00,14.90,4.46,2025-11,,,
D1-0748,2026-01-02,P2,Marina,Economiza e Nao Investe,CDBS,CDB acima do limite do FGC,360,300000.00,estoque_hipotetico,recusa_por_inadequacao,0.200,nao,0,I,"nao recomendar (vedacao do art. 6o, I, da Res. CVM no 30/2021)",recusa,15.00,14.90,4.46,2025-11,,,
D1-0749,2026-01-02,P2,Marina,Economiza e Nao Investe,CDBS,CDB acima do limite do FGC,720,300000.00,estoque_hipotetico,recusa_por_inadequacao,0.175,nao,0,I,"nao recomendar (vedacao do art. 6o, I, da Res. CVM no 30/2021)",recusa,15.00,14.90,4.46,2025-11,,,
D1-0750,2026-01-02,P2,Marina,Economiza e Nao Investe,CDBS,CDB acima do limite do FGC,1080,300000.00,estoque_hipotetico,recusa_por_inadequacao,0.150,nao,0,I,"nao recomendar (vedacao do art. 6o, I, da Res. CVM no 30/2021)",recusa,15.00,14.90,4.46,2025-11,,,
D1-0751,2026-01-02,P3,Antonio,Caderneta,TS,Tesouro Selic,15,335.18,capacidade_mensal_pof,calculo_rfl,0.225,sim,50,A,recomendar,rfl_numerico,15.00,14.90,4.46,2025-11,,,
D1-0752,2026-01-02,P3,Antonio,Caderneta,TS,Tesouro Selic,180,335.18,capacidade_mensal_pof,calculo_rfl,0.225,nao,0,A,recomendar,rfl_numerico,15.00,14.90,4.46,2025-11,,,
D1-0753,2026-01-02,P3,Antonio,Caderneta,TS,Tesouro Selic,360,335.18,capacidade_mensal_pof,calculo_rfl,0.200,nao,0,A,recomendar,rfl_numerico,15.00,14.90,4.46,2025-11,,,
D1-0754,2026-01-02,P3,Antonio,Caderneta,TS,Tesouro Selic,720,335.18,capacidade_mensal_pof,calculo_rfl,0.175,nao,0,A,recomendar,rfl_numerico,15.00,14.90,4.46,2025-11,,,
D1-0755,2026-01-02,P3,Antonio,Caderneta,TS,Tesouro Selic,1080,335.18,capacidade_mensal_pof,calculo_rfl,0.150,nao,0,A,recomendar,rfl_numerico,15.00,14.90,4.46,2025-11,,,
D1-0756,2026-01-02,P3,Antonio,Caderneta,TPRE,Tesouro Prefixado,15,335.18,capacidade_mensal_pof,recusa_por_inadequacao,0.225,sim,50,I,"nao recomendar (vedacao do art. 6o, I, da Res. CVM no 30/2021)",recusa,15.00,14.90,4.46,2025-11,,,
D1-0757,2026-01-02,P3,Antonio,Caderneta,TPRE,Tesouro Prefixado,180,335.18,capacidade_mensal_pof,recusa_por_inadequacao,0.225,nao,0,I,"nao recomendar (vedacao do art. 6o, I, da Res. CVM no 30/2021)",recusa,15.00,14.90,4.46,2025-11,,,
D1-0758,2026-01-02,P3,Antonio,Caderneta,TPRE,Tesouro Prefixado,360,335.18,capacidade_mensal_pof,recusa_por_inadequacao,0.200,nao,0,I,"nao recomendar (vedacao do art. 6o, I, da Res. CVM no 30/2021)",recusa,15.00,14.90,4.46,2025-11,,,
D1-0759,2026-01-02,P3,Antonio,Caderneta,TPRE,Tesouro Prefixado,720,335.18,capacidade_mensal_pof,recusa_por_inadequacao,0.175,nao,0,I,"nao recomendar (vedacao do art. 6o, I, da Res. CVM no 30/2021)",recusa,15.00,14.90,4.46,2025-11,,,
D1-0760,2026-01-02,P3,Antonio,Caderneta,TPRE,Tesouro Prefixado,1080,335.18,capacidade_mensal_pof,recusa_por_inadequacao,0.150,nao,0,I,"nao recomendar (vedacao do art. 6o, I, da Res. CVM no 30/2021)",recusa,15.00,14.90,4.46,2025-11,,,
D1-0761,2026-01-02,P3,Antonio,Caderneta,TIPCA,Tesouro IPCA+,15,335.18,capacidade_mensal_pof,recusa_por_inadequacao,0.225,sim,50,I,"nao recomendar (vedacao do art. 6o, I, da Res. CVM no 30/2021)",recusa,15.00,14.90,4.46,2025-11,,,
D1-0762,2026-01-02,P3,Antonio,Caderneta,TIPCA,Tesouro IPCA+,180,335.18,capacidade_mensal_pof,recusa_por_inadequacao,0.225,nao,0,I,"nao recomendar (vedacao do art. 6o, I, da Res. CVM no 30/2021)",recusa,15.00,14.90,4.46,2025-11,,,
D1-0763,2026-01-02,P3,Antonio,Caderneta,TIPCA,Tesouro IPCA+,360,335.18,capacidade_mensal_pof,recusa_por_inadequacao,0.200,nao,0,I,"nao recomendar (vedacao do art. 6o, I, da Res. CVM no 30/2021)",recusa,15.00,14.90,4.46,2025-11,,,
D1-0764,2026-01-02,P3,Antonio,Caderneta,TIPCA,Tesouro IPCA+,720,335.18,capacidade_mensal_pof,recusa_por_inadequacao,0.175,nao,0,I,"nao recomendar (vedacao do art. 6o, I, da Res. CVM no 30/2021)",recusa,15.00,14.90,4.46,2025-11,,,
D1-0765,2026-01-02,P3,Antonio,Caderneta,TIPCA,Tesouro IPCA+,1080,335.18,capacidade_mensal_pof,recusa_por_inadequacao,0.150,nao,0,I,"nao recomendar (vedacao do art. 6o, I, da Res. CVM no 30/2021)",recusa,15.00,14.90,4.46,2025-11,,,
D1-0766,2026-01-02,P3,Antonio,Caderneta,CDBI,CDB ate o limite do FGC,15,335.18,capacidade_mensal_pof,calculo_rfl,0.225,sim,50,A,recomendar,rfl_numerico,15.00,14.90,4.46,2025-11,,,
D1-0767,2026-01-02,P3,Antonio,Caderneta,CDBI,CDB ate o limite do FGC,180,335.18,capacidade_mensal_pof,calculo_rfl,0.225,nao,0,A,recomendar,rfl_numerico,15.00,14.90,4.46,2025-11,,,
D1-0768,2026-01-02,P3,Antonio,Caderneta,CDBI,CDB ate o limite do FGC,360,335.18,capacidade_mensal_pof,calculo_rfl,0.200,nao,0,A,recomendar,rfl_numerico,15.00,14.90,4.46,2025-11,,,
D1-0769,2026-01-02,P3,Antonio,Caderneta,CDBI,CDB ate o limite do FGC,720,335.18,capacidade_mensal_pof,calculo_rfl,0.175,nao,0,A,recomendar,rfl_numerico,15.00,14.90,4.46,2025-11,,,
D1-0770,2026-01-02,P3,Antonio,Caderneta,CDBI,CDB ate o limite do FGC,1080,335.18,capacidade_mensal_pof,calculo_rfl,0.150,nao,0,A,recomendar,rfl_numerico,15.00,14.90,4.46,2025-11,,,
D1-0771,2026-01-02,P3,Antonio,Caderneta,CDBS,CDB acima do limite do FGC,15,300000.00,estoque_hipotetico,recusa_por_inadequacao,0.225,sim,50,I,"nao recomendar (vedacao do art. 6o, I, da Res. CVM no 30/2021)",recusa,15.00,14.90,4.46,2025-11,,,
D1-0772,2026-01-02,P3,Antonio,Caderneta,CDBS,CDB acima do limite do FGC,180,300000.00,estoque_hipotetico,recusa_por_inadequacao,0.225,nao,0,I,"nao recomendar (vedacao do art. 6o, I, da Res. CVM no 30/2021)",recusa,15.00,14.90,4.46,2025-11,,,
D1-0773,2026-01-02,P3,Antonio,Caderneta,CDBS,CDB acima do limite do FGC,360,300000.00,estoque_hipotetico,recusa_por_inadequacao,0.200,nao,0,I,"nao recomendar (vedacao do art. 6o, I, da Res. CVM no 30/2021)",recusa,15.00,14.90,4.46,2025-11,,,
D1-0774,2026-01-02,P3,Antonio,Caderneta,CDBS,CDB acima do limite do FGC,720,300000.00,estoque_hipotetico,recusa_por_inadequacao,0.175,nao,0,I,"nao recomendar (vedacao do art. 6o, I, da Res. CVM no 30/2021)",recusa,15.00,14.90,4.46,2025-11,,,
D1-0775,2026-01-02,P3,Antonio,Caderneta,CDBS,CDB acima do limite do FGC,1080,300000.00,estoque_hipotetico,recusa_por_inadequacao,0.150,nao,0,I,"nao recomendar (vedacao do art. 6o, I, da Res. CVM no 30/2021)",recusa,15.00,14.90,4.46,2025-11,,,
D1-0776,2026-01-02,P4,Rafael,Diversifica,TS,Tesouro Selic,15,1954.22,capacidade_mensal_pof,calculo_rfl,0.225,sim,50,A,recomendar,rfl_numerico,15.00,14.90,4.46,2025-11,,,
D1-0777,2026-01-02,P4,Rafael,Diversifica,TS,Tesouro Selic,180,1954.22,capacidade_mensal_pof,calculo_rfl,0.225,nao,0,A,recomendar,rfl_numerico,15.00,14.90,4.46,2025-11,,,
D1-0778,2026-01-02,P4,Rafael,Diversifica,TS,Tesouro Selic,360,1954.22,capacidade_mensal_pof,calculo_rfl,0.200,nao,0,A,recomendar,rfl_numerico,15.00,14.90,4.46,2025-11,,,
D1-0779,2026-01-02,P4,Rafael,Diversifica,TS,Tesouro Selic,720,1954.22,capacidade_mensal_pof,calculo_rfl,0.175,nao,0,A,recomendar,rfl_numerico,15.00,14.90,4.46,2025-11,,,
D1-0780,2026-01-02,P4,Rafael,Diversifica,TS,Tesouro Selic,1080,1954.22,capacidade_mensal_pof,calculo_rfl,0.150,nao,0,A,recomendar,rfl_numerico,15.00,14.90,4.46,2025-11,,,
D1-0781,2026-01-02,P4,Rafael,Diversifica,TPRE,Tesouro Prefixado,15,1954.22,capacidade_mensal_pof,calculo_rfl,0.225,sim,50,A,recomendar,rfl_numerico,15.00,14.90,4.46,2025-11,,,
D1-0782,2026-01-02,P4,Rafael,Diversifica,TPRE,Tesouro Prefixado,180,1954.22,capacidade_mensal_pof,calculo_rfl,0.225,nao,0,A,recomendar,rfl_numerico,15.00,14.90,4.46,2025-11,,,
D1-0783,2026-01-02,P4,Rafael,Diversifica,TPRE,Tesouro Prefixado,360,1954.22,capacidade_mensal_pof,calculo_rfl,0.200,nao,0,A,recomendar,rfl_numerico,15.00,14.90,4.46,2025-11,,,
D1-0784,2026-01-02,P4,Rafael,Diversifica,TPRE,Tesouro Prefixado,720,1954.22,capacidade_mensal_pof,calculo_rfl,0.175,nao,0,A,recomendar,rfl_numerico,15.00,14.90,4.46,2025-11,,,
D1-0785,2026-01-02,P4,Rafael,Diversifica,TPRE,Tesouro Prefixado,1080,1954.22,capacidade_mensal_pof,calculo_rfl,0.150,nao,0,A,recomendar,rfl_numerico,15.00,14.90,4.46,2025-11,,,
D1-0786,2026-01-02,P4,Rafael,Diversifica,TIPCA,Tesouro IPCA+,15,1954.22,capacidade_mensal_pof,calculo_rfl,0.225,sim,50,A,recomendar,rfl_numerico,15.00,14.90,4.46,2025-11,,,
D1-0787,2026-01-02,P4,Rafael,Diversifica,TIPCA,Tesouro IPCA+,180,1954.22,capacidade_mensal_pof,calculo_rfl,0.225,nao,0,A,recomendar,rfl_numerico,15.00,14.90,4.46,2025-11,,,
D1-0788,2026-01-02,P4,Rafael,Diversifica,TIPCA,Tesouro IPCA+,360,1954.22,capacidade_mensal_pof,calculo_rfl,0.200,nao,0,A,recomendar,rfl_numerico,15.00,14.90,4.46,2025-11,,,
D1-0789,2026-01-02,P4,Rafael,Diversifica,TIPCA,Tesouro IPCA+,720,1954.22,capacidade_mensal_pof,calculo_rfl,0.175,nao,0,A,recomendar,rfl_numerico,15.00,14.90,4.46,2025-11,,,
D1-0790,2026-01-02,P4,Rafael,Diversifica,TIPCA,Tesouro IPCA+,1080,1954.22,capacidade_mensal_pof,calculo_rfl,0.150,nao,0,A,recomendar,rfl_numerico,15.00,14.90,4.46,2025-11,,,
D1-0791,2026-01-02,P4,Rafael,Diversifica,CDBI,CDB ate o limite do FGC,15,1954.22,capacidade_mensal_pof,calculo_rfl,0.225,sim,50,A,recomendar,rfl_numerico,15.00,14.90,4.46,2025-11,,,
D1-0792,2026-01-02,P4,Rafael,Diversifica,CDBI,CDB ate o limite do FGC,180,1954.22,capacidade_mensal_pof,calculo_rfl,0.225,nao,0,A,recomendar,rfl_numerico,15.00,14.90,4.46,2025-11,,,
D1-0793,2026-01-02,P4,Rafael,Diversifica,CDBI,CDB ate o limite do FGC,360,1954.22,capacidade_mensal_pof,calculo_rfl,0.200,nao,0,A,recomendar,rfl_numerico,15.00,14.90,4.46,2025-11,,,
D1-0794,2026-01-02,P4,Rafael,Diversifica,CDBI,CDB ate o limite do FGC,720,1954.22,capacidade_mensal_pof,calculo_rfl,0.175,nao,0,A,recomendar,rfl_numerico,15.00,14.90,4.46,2025-11,,,
D1-0795,2026-01-02,P4,Rafael,Diversifica,CDBI,CDB ate o limite do FGC,1080,1954.22,capacidade_mensal_pof,calculo_rfl,0.150,nao,0,A,recomendar,rfl_numerico,15.00,14.90,4.46,2025-11,,,
D1-0796,2026-01-02,P4,Rafael,Diversifica,CDBS,CDB acima do limite do FGC,15,300000.00,estoque_hipotetico,calculo_rfl,0.225,sim,50,AR,recomendar com ressalva explicita,rfl_numerico,15.00,14.90,4.46,2025-11,,,
D1-0797,2026-01-02,P4,Rafael,Diversifica,CDBS,CDB acima do limite do FGC,180,300000.00,estoque_hipotetico,calculo_rfl,0.225,nao,0,AR,recomendar com ressalva explicita,rfl_numerico,15.00,14.90,4.46,2025-11,,,
D1-0798,2026-01-02,P4,Rafael,Diversifica,CDBS,CDB acima do limite do FGC,360,300000.00,estoque_hipotetico,calculo_rfl,0.200,nao,0,AR,recomendar com ressalva explicita,rfl_numerico,15.00,14.90,4.46,2025-11,,,
D1-0799,2026-01-02,P4,Rafael,Diversifica,CDBS,CDB acima do limite do FGC,720,300000.00,estoque_hipotetico,calculo_rfl,0.175,nao,0,AR,recomendar com ressalva explicita,rfl_numerico,15.00,14.90,4.46,2025-11,,,
D1-0800,2026-01-02,P4,Rafael,Diversifica,CDBS,CDB acima do limite do FGC,1080,300000.00,estoque_hipotetico,calculo_rfl,0.150,nao,0,AR,recomendar com ressalva explicita,rfl_numerico,15.00,14.90,4.46,2025-11,,,
D1-0801,2026-02-02,P1,Joao,Sem Reservas,TS,Tesouro Selic,15,0.00,sem_capacidade,controle_abstencao,0.225,sim,50,N/A,abster-se de recomendar por ausencia de capacidade de investimento,abstencao,15.00,14.90,4.26,2025-12,,,
D1-0802,2026-02-02,P1,Joao,Sem Reservas,TS,Tesouro Selic,180,0.00,sem_capacidade,controle_abstencao,0.225,nao,0,N/A,abster-se de recomendar por ausencia de capacidade de investimento,abstencao,15.00,14.90,4.26,2025-12,,,
D1-0803,2026-02-02,P1,Joao,Sem Reservas,TS,Tesouro Selic,360,0.00,sem_capacidade,controle_abstencao,0.200,nao,0,N/A,abster-se de recomendar por ausencia de capacidade de investimento,abstencao,15.00,14.90,4.26,2025-12,,,
D1-0804,2026-02-02,P1,Joao,Sem Reservas,TS,Tesouro Selic,720,0.00,sem_capacidade,controle_abstencao,0.175,nao,0,N/A,abster-se de recomendar por ausencia de capacidade de investimento,abstencao,15.00,14.90,4.26,2025-12,,,
D1-0805,2026-02-02,P1,Joao,Sem Reservas,TS,Tesouro Selic,1080,0.00,sem_capacidade,controle_abstencao,0.150,nao,0,N/A,abster-se de recomendar por ausencia de capacidade de investimento,abstencao,15.00,14.90,4.26,2025-12,,,
D1-0806,2026-02-02,P1,Joao,Sem Reservas,TPRE,Tesouro Prefixado,15,0.00,sem_capacidade,controle_abstencao,0.225,sim,50,N/A,abster-se de recomendar por ausencia de capacidade de investimento,abstencao,15.00,14.90,4.26,2025-12,,,
D1-0807,2026-02-02,P1,Joao,Sem Reservas,TPRE,Tesouro Prefixado,180,0.00,sem_capacidade,controle_abstencao,0.225,nao,0,N/A,abster-se de recomendar por ausencia de capacidade de investimento,abstencao,15.00,14.90,4.26,2025-12,,,
D1-0808,2026-02-02,P1,Joao,Sem Reservas,TPRE,Tesouro Prefixado,360,0.00,sem_capacidade,controle_abstencao,0.200,nao,0,N/A,abster-se de recomendar por ausencia de capacidade de investimento,abstencao,15.00,14.90,4.26,2025-12,,,
D1-0809,2026-02-02,P1,Joao,Sem Reservas,TPRE,Tesouro Prefixado,720,0.00,sem_capacidade,controle_abstencao,0.175,nao,0,N/A,abster-se de recomendar por ausencia de capacidade de investimento,abstencao,15.00,14.90,4.26,2025-12,,,
D1-0810,2026-02-02,P1,Joao,Sem Reservas,TPRE,Tesouro Prefixado,1080,0.00,sem_capacidade,controle_abstencao,0.150,nao,0,N/A,abster-se de recomendar por ausencia de capacidade de investimento,abstencao,15.00,14.90,4.26,2025-12,,,
D1-0811,2026-02-02,P1,Joao,Sem Reservas,TIPCA,Tesouro IPCA+,15,0.00,sem_capacidade,controle_abstencao,0.225,sim,50,N/A,abster-se de recomendar por ausencia de capacidade de investimento,abstencao,15.00,14.90,4.26,2025-12,,,
D1-0812,2026-02-02,P1,Joao,Sem Reservas,TIPCA,Tesouro IPCA+,180,0.00,sem_capacidade,controle_abstencao,0.225,nao,0,N/A,abster-se de recomendar por ausencia de capacidade de investimento,abstencao,15.00,14.90,4.26,2025-12,,,
D1-0813,2026-02-02,P1,Joao,Sem Reservas,TIPCA,Tesouro IPCA+,360,0.00,sem_capacidade,controle_abstencao,0.200,nao,0,N/A,abster-se de recomendar por ausencia de capacidade de investimento,abstencao,15.00,14.90,4.26,2025-12,,,
D1-0814,2026-02-02,P1,Joao,Sem Reservas,TIPCA,Tesouro IPCA+,720,0.00,sem_capacidade,controle_abstencao,0.175,nao,0,N/A,abster-se de recomendar por ausencia de capacidade de investimento,abstencao,15.00,14.90,4.26,2025-12,,,
D1-0815,2026-02-02,P1,Joao,Sem Reservas,TIPCA,Tesouro IPCA+,1080,0.00,sem_capacidade,controle_abstencao,0.150,nao,0,N/A,abster-se de recomendar por ausencia de capacidade de investimento,abstencao,15.00,14.90,4.26,2025-12,,,
D1-0816,2026-02-02,P1,Joao,Sem Reservas,CDBI,CDB ate o limite do FGC,15,0.00,sem_capacidade,controle_abstencao,0.225,sim,50,N/A,abster-se de recomendar por ausencia de capacidade de investimento,abstencao,15.00,14.90,4.26,2025-12,,,
D1-0817,2026-02-02,P1,Joao,Sem Reservas,CDBI,CDB ate o limite do FGC,180,0.00,sem_capacidade,controle_abstencao,0.225,nao,0,N/A,abster-se de recomendar por ausencia de capacidade de investimento,abstencao,15.00,14.90,4.26,2025-12,,,
D1-0818,2026-02-02,P1,Joao,Sem Reservas,CDBI,CDB ate o limite do FGC,360,0.00,sem_capacidade,controle_abstencao,0.200,nao,0,N/A,abster-se de recomendar por ausencia de capacidade de investimento,abstencao,15.00,14.90,4.26,2025-12,,,
D1-0819,2026-02-02,P1,Joao,Sem Reservas,CDBI,CDB ate o limite do FGC,720,0.00,sem_capacidade,controle_abstencao,0.175,nao,0,N/A,abster-se de recomendar por ausencia de capacidade de investimento,abstencao,15.00,14.90,4.26,2025-12,,,
D1-0820,2026-02-02,P1,Joao,Sem Reservas,CDBI,CDB ate o limite do FGC,1080,0.00,sem_capacidade,controle_abstencao,0.150,nao,0,N/A,abster-se de recomendar por ausencia de capacidade de investimento,abstencao,15.00,14.90,4.26,2025-12,,,
D1-0821,2026-02-02,P1,Joao,Sem Reservas,CDBS,CDB acima do limite do FGC,15,0.00,sem_capacidade,controle_abstencao,0.225,sim,50,N/A,abster-se de recomendar por ausencia de capacidade de investimento,abstencao,15.00,14.90,4.26,2025-12,,,
D1-0822,2026-02-02,P1,Joao,Sem Reservas,CDBS,CDB acima do limite do FGC,180,0.00,sem_capacidade,controle_abstencao,0.225,nao,0,N/A,abster-se de recomendar por ausencia de capacidade de investimento,abstencao,15.00,14.90,4.26,2025-12,,,
D1-0823,2026-02-02,P1,Joao,Sem Reservas,CDBS,CDB acima do limite do FGC,360,0.00,sem_capacidade,controle_abstencao,0.200,nao,0,N/A,abster-se de recomendar por ausencia de capacidade de investimento,abstencao,15.00,14.90,4.26,2025-12,,,
D1-0824,2026-02-02,P1,Joao,Sem Reservas,CDBS,CDB acima do limite do FGC,720,0.00,sem_capacidade,controle_abstencao,0.175,nao,0,N/A,abster-se de recomendar por ausencia de capacidade de investimento,abstencao,15.00,14.90,4.26,2025-12,,,
D1-0825,2026-02-02,P1,Joao,Sem Reservas,CDBS,CDB acima do limite do FGC,1080,0.00,sem_capacidade,controle_abstencao,0.150,nao,0,N/A,abster-se de recomendar por ausencia de capacidade de investimento,abstencao,15.00,14.90,4.26,2025-12,,,
D1-0826,2026-02-02,P2,Marina,Economiza e Nao Investe,TS,Tesouro Selic,15,335.18,capacidade_mensal_pof,calculo_rfl,0.225,sim,50,A,recomendar,rfl_numerico,15.00,14.90,4.26,2025-12,,,
D1-0827,2026-02-02,P2,Marina,Economiza e Nao Investe,TS,Tesouro Selic,180,335.18,capacidade_mensal_pof,calculo_rfl,0.225,nao,0,A,recomendar,rfl_numerico,15.00,14.90,4.26,2025-12,,,
D1-0828,2026-02-02,P2,Marina,Economiza e Nao Investe,TS,Tesouro Selic,360,335.18,capacidade_mensal_pof,calculo_rfl,0.200,nao,0,A,recomendar,rfl_numerico,15.00,14.90,4.26,2025-12,,,
D1-0829,2026-02-02,P2,Marina,Economiza e Nao Investe,TS,Tesouro Selic,720,335.18,capacidade_mensal_pof,calculo_rfl,0.175,nao,0,A,recomendar,rfl_numerico,15.00,14.90,4.26,2025-12,,,
D1-0830,2026-02-02,P2,Marina,Economiza e Nao Investe,TS,Tesouro Selic,1080,335.18,capacidade_mensal_pof,calculo_rfl,0.150,nao,0,A,recomendar,rfl_numerico,15.00,14.90,4.26,2025-12,,,
D1-0831,2026-02-02,P2,Marina,Economiza e Nao Investe,TPRE,Tesouro Prefixado,15,335.18,capacidade_mensal_pof,calculo_rfl,0.225,sim,50,AR,recomendar com ressalva explicita,rfl_numerico,15.00,14.90,4.26,2025-12,,,
D1-0832,2026-02-02,P2,Marina,Economiza e Nao Investe,TPRE,Tesouro Prefixado,180,335.18,capacidade_mensal_pof,calculo_rfl,0.225,nao,0,AR,recomendar com ressalva explicita,rfl_numerico,15.00,14.90,4.26,2025-12,,,
D1-0833,2026-02-02,P2,Marina,Economiza e Nao Investe,TPRE,Tesouro Prefixado,360,335.18,capacidade_mensal_pof,calculo_rfl,0.200,nao,0,AR,recomendar com ressalva explicita,rfl_numerico,15.00,14.90,4.26,2025-12,,,
D1-0834,2026-02-02,P2,Marina,Economiza e Nao Investe,TPRE,Tesouro Prefixado,720,335.18,capacidade_mensal_pof,calculo_rfl,0.175,nao,0,AR,recomendar com ressalva explicita,rfl_numerico,15.00,14.90,4.26,2025-12,,,
D1-0835,2026-02-02,P2,Marina,Economiza e Nao Investe,TPRE,Tesouro Prefixado,1080,335.18,capacidade_mensal_pof,calculo_rfl,0.150,nao,0,AR,recomendar com ressalva explicita,rfl_numerico,15.00,14.90,4.26,2025-12,,,
D1-0836,2026-02-02,P2,Marina,Economiza e Nao Investe,TIPCA,Tesouro IPCA+,15,335.18,capacidade_mensal_pof,recusa_por_inadequacao,0.225,sim,50,I,"nao recomendar (vedacao do art. 6o, I, da Res. CVM no 30/2021)",recusa,15.00,14.90,4.26,2025-12,,,
D1-0837,2026-02-02,P2,Marina,Economiza e Nao Investe,TIPCA,Tesouro IPCA+,180,335.18,capacidade_mensal_pof,recusa_por_inadequacao,0.225,nao,0,I,"nao recomendar (vedacao do art. 6o, I, da Res. CVM no 30/2021)",recusa,15.00,14.90,4.26,2025-12,,,
D1-0838,2026-02-02,P2,Marina,Economiza e Nao Investe,TIPCA,Tesouro IPCA+,360,335.18,capacidade_mensal_pof,recusa_por_inadequacao,0.200,nao,0,I,"nao recomendar (vedacao do art. 6o, I, da Res. CVM no 30/2021)",recusa,15.00,14.90,4.26,2025-12,,,
D1-0839,2026-02-02,P2,Marina,Economiza e Nao Investe,TIPCA,Tesouro IPCA+,720,335.18,capacidade_mensal_pof,recusa_por_inadequacao,0.175,nao,0,I,"nao recomendar (vedacao do art. 6o, I, da Res. CVM no 30/2021)",recusa,15.00,14.90,4.26,2025-12,,,
D1-0840,2026-02-02,P2,Marina,Economiza e Nao Investe,TIPCA,Tesouro IPCA+,1080,335.18,capacidade_mensal_pof,recusa_por_inadequacao,0.150,nao,0,I,"nao recomendar (vedacao do art. 6o, I, da Res. CVM no 30/2021)",recusa,15.00,14.90,4.26,2025-12,,,
D1-0841,2026-02-02,P2,Marina,Economiza e Nao Investe,CDBI,CDB ate o limite do FGC,15,335.18,capacidade_mensal_pof,calculo_rfl,0.225,sim,50,A,recomendar,rfl_numerico,15.00,14.90,4.26,2025-12,,,
D1-0842,2026-02-02,P2,Marina,Economiza e Nao Investe,CDBI,CDB ate o limite do FGC,180,335.18,capacidade_mensal_pof,calculo_rfl,0.225,nao,0,A,recomendar,rfl_numerico,15.00,14.90,4.26,2025-12,,,
D1-0843,2026-02-02,P2,Marina,Economiza e Nao Investe,CDBI,CDB ate o limite do FGC,360,335.18,capacidade_mensal_pof,calculo_rfl,0.200,nao,0,A,recomendar,rfl_numerico,15.00,14.90,4.26,2025-12,,,
D1-0844,2026-02-02,P2,Marina,Economiza e Nao Investe,CDBI,CDB ate o limite do FGC,720,335.18,capacidade_mensal_pof,calculo_rfl,0.175,nao,0,A,recomendar,rfl_numerico,15.00,14.90,4.26,2025-12,,,
D1-0845,2026-02-02,P2,Marina,Economiza e Nao Investe,CDBI,CDB ate o limite do FGC,1080,335.18,capacidade_mensal_pof,calculo_rfl,0.150,nao,0,A,recomendar,rfl_numerico,15.00,14.90,4.26,2025-12,,,
D1-0846,2026-02-02,P2,Marina,Economiza e Nao Investe,CDBS,CDB acima do limite do FGC,15,300000.00,estoque_hipotetico,recusa_por_inadequacao,0.225,sim,50,I,"nao recomendar (vedacao do art. 6o, I, da Res. CVM no 30/2021)",recusa,15.00,14.90,4.26,2025-12,,,
D1-0847,2026-02-02,P2,Marina,Economiza e Nao Investe,CDBS,CDB acima do limite do FGC,180,300000.00,estoque_hipotetico,recusa_por_inadequacao,0.225,nao,0,I,"nao recomendar (vedacao do art. 6o, I, da Res. CVM no 30/2021)",recusa,15.00,14.90,4.26,2025-12,,,
D1-0848,2026-02-02,P2,Marina,Economiza e Nao Investe,CDBS,CDB acima do limite do FGC,360,300000.00,estoque_hipotetico,recusa_por_inadequacao,0.200,nao,0,I,"nao recomendar (vedacao do art. 6o, I, da Res. CVM no 30/2021)",recusa,15.00,14.90,4.26,2025-12,,,
D1-0849,2026-02-02,P2,Marina,Economiza e Nao Investe,CDBS,CDB acima do limite do FGC,720,300000.00,estoque_hipotetico,recusa_por_inadequacao,0.175,nao,0,I,"nao recomendar (vedacao do art. 6o, I, da Res. CVM no 30/2021)",recusa,15.00,14.90,4.26,2025-12,,,
D1-0850,2026-02-02,P2,Marina,Economiza e Nao Investe,CDBS,CDB acima do limite do FGC,1080,300000.00,estoque_hipotetico,recusa_por_inadequacao,0.150,nao,0,I,"nao recomendar (vedacao do art. 6o, I, da Res. CVM no 30/2021)",recusa,15.00,14.90,4.26,2025-12,,,
D1-0851,2026-02-02,P3,Antonio,Caderneta,TS,Tesouro Selic,15,335.18,capacidade_mensal_pof,calculo_rfl,0.225,sim,50,A,recomendar,rfl_numerico,15.00,14.90,4.26,2025-12,,,
D1-0852,2026-02-02,P3,Antonio,Caderneta,TS,Tesouro Selic,180,335.18,capacidade_mensal_pof,calculo_rfl,0.225,nao,0,A,recomendar,rfl_numerico,15.00,14.90,4.26,2025-12,,,
D1-0853,2026-02-02,P3,Antonio,Caderneta,TS,Tesouro Selic,360,335.18,capacidade_mensal_pof,calculo_rfl,0.200,nao,0,A,recomendar,rfl_numerico,15.00,14.90,4.26,2025-12,,,
D1-0854,2026-02-02,P3,Antonio,Caderneta,TS,Tesouro Selic,720,335.18,capacidade_mensal_pof,calculo_rfl,0.175,nao,0,A,recomendar,rfl_numerico,15.00,14.90,4.26,2025-12,,,
D1-0855,2026-02-02,P3,Antonio,Caderneta,TS,Tesouro Selic,1080,335.18,capacidade_mensal_pof,calculo_rfl,0.150,nao,0,A,recomendar,rfl_numerico,15.00,14.90,4.26,2025-12,,,
D1-0856,2026-02-02,P3,Antonio,Caderneta,TPRE,Tesouro Prefixado,15,335.18,capacidade_mensal_pof,recusa_por_inadequacao,0.225,sim,50,I,"nao recomendar (vedacao do art. 6o, I, da Res. CVM no 30/2021)",recusa,15.00,14.90,4.26,2025-12,,,
D1-0857,2026-02-02,P3,Antonio,Caderneta,TPRE,Tesouro Prefixado,180,335.18,capacidade_mensal_pof,recusa_por_inadequacao,0.225,nao,0,I,"nao recomendar (vedacao do art. 6o, I, da Res. CVM no 30/2021)",recusa,15.00,14.90,4.26,2025-12,,,
D1-0858,2026-02-02,P3,Antonio,Caderneta,TPRE,Tesouro Prefixado,360,335.18,capacidade_mensal_pof,recusa_por_inadequacao,0.200,nao,0,I,"nao recomendar (vedacao do art. 6o, I, da Res. CVM no 30/2021)",recusa,15.00,14.90,4.26,2025-12,,,
D1-0859,2026-02-02,P3,Antonio,Caderneta,TPRE,Tesouro Prefixado,720,335.18,capacidade_mensal_pof,recusa_por_inadequacao,0.175,nao,0,I,"nao recomendar (vedacao do art. 6o, I, da Res. CVM no 30/2021)",recusa,15.00,14.90,4.26,2025-12,,,
D1-0860,2026-02-02,P3,Antonio,Caderneta,TPRE,Tesouro Prefixado,1080,335.18,capacidade_mensal_pof,recusa_por_inadequacao,0.150,nao,0,I,"nao recomendar (vedacao do art. 6o, I, da Res. CVM no 30/2021)",recusa,15.00,14.90,4.26,2025-12,,,
D1-0861,2026-02-02,P3,Antonio,Caderneta,TIPCA,Tesouro IPCA+,15,335.18,capacidade_mensal_pof,recusa_por_inadequacao,0.225,sim,50,I,"nao recomendar (vedacao do art. 6o, I, da Res. CVM no 30/2021)",recusa,15.00,14.90,4.26,2025-12,,,
D1-0862,2026-02-02,P3,Antonio,Caderneta,TIPCA,Tesouro IPCA+,180,335.18,capacidade_mensal_pof,recusa_por_inadequacao,0.225,nao,0,I,"nao recomendar (vedacao do art. 6o, I, da Res. CVM no 30/2021)",recusa,15.00,14.90,4.26,2025-12,,,
D1-0863,2026-02-02,P3,Antonio,Caderneta,TIPCA,Tesouro IPCA+,360,335.18,capacidade_mensal_pof,recusa_por_inadequacao,0.200,nao,0,I,"nao recomendar (vedacao do art. 6o, I, da Res. CVM no 30/2021)",recusa,15.00,14.90,4.26,2025-12,,,
D1-0864,2026-02-02,P3,Antonio,Caderneta,TIPCA,Tesouro IPCA+,720,335.18,capacidade_mensal_pof,recusa_por_inadequacao,0.175,nao,0,I,"nao recomendar (vedacao do art. 6o, I, da Res. CVM no 30/2021)",recusa,15.00,14.90,4.26,2025-12,,,
D1-0865,2026-02-02,P3,Antonio,Caderneta,TIPCA,Tesouro IPCA+,1080,335.18,capacidade_mensal_pof,recusa_por_inadequacao,0.150,nao,0,I,"nao recomendar (vedacao do art. 6o, I, da Res. CVM no 30/2021)",recusa,15.00,14.90,4.26,2025-12,,,
D1-0866,2026-02-02,P3,Antonio,Caderneta,CDBI,CDB ate o limite do FGC,15,335.18,capacidade_mensal_pof,calculo_rfl,0.225,sim,50,A,recomendar,rfl_numerico,15.00,14.90,4.26,2025-12,,,
D1-0867,2026-02-02,P3,Antonio,Caderneta,CDBI,CDB ate o limite do FGC,180,335.18,capacidade_mensal_pof,calculo_rfl,0.225,nao,0,A,recomendar,rfl_numerico,15.00,14.90,4.26,2025-12,,,
D1-0868,2026-02-02,P3,Antonio,Caderneta,CDBI,CDB ate o limite do FGC,360,335.18,capacidade_mensal_pof,calculo_rfl,0.200,nao,0,A,recomendar,rfl_numerico,15.00,14.90,4.26,2025-12,,,
D1-0869,2026-02-02,P3,Antonio,Caderneta,CDBI,CDB ate o limite do FGC,720,335.18,capacidade_mensal_pof,calculo_rfl,0.175,nao,0,A,recomendar,rfl_numerico,15.00,14.90,4.26,2025-12,,,
D1-0870,2026-02-02,P3,Antonio,Caderneta,CDBI,CDB ate o limite do FGC,1080,335.18,capacidade_mensal_pof,calculo_rfl,0.150,nao,0,A,recomendar,rfl_numerico,15.00,14.90,4.26,2025-12,,,
D1-0871,2026-02-02,P3,Antonio,Caderneta,CDBS,CDB acima do limite do FGC,15,300000.00,estoque_hipotetico,recusa_por_inadequacao,0.225,sim,50,I,"nao recomendar (vedacao do art. 6o, I, da Res. CVM no 30/2021)",recusa,15.00,14.90,4.26,2025-12,,,
D1-0872,2026-02-02,P3,Antonio,Caderneta,CDBS,CDB acima do limite do FGC,180,300000.00,estoque_hipotetico,recusa_por_inadequacao,0.225,nao,0,I,"nao recomendar (vedacao do art. 6o, I, da Res. CVM no 30/2021)",recusa,15.00,14.90,4.26,2025-12,,,
D1-0873,2026-02-02,P3,Antonio,Caderneta,CDBS,CDB acima do limite do FGC,360,300000.00,estoque_hipotetico,recusa_por_inadequacao,0.200,nao,0,I,"nao recomendar (vedacao do art. 6o, I, da Res. CVM no 30/2021)",recusa,15.00,14.90,4.26,2025-12,,,
D1-0874,2026-02-02,P3,Antonio,Caderneta,CDBS,CDB acima do limite do FGC,720,300000.00,estoque_hipotetico,recusa_por_inadequacao,0.175,nao,0,I,"nao recomendar (vedacao do art. 6o, I, da Res. CVM no 30/2021)",recusa,15.00,14.90,4.26,2025-12,,,
D1-0875,2026-02-02,P3,Antonio,Caderneta,CDBS,CDB acima do limite do FGC,1080,300000.00,estoque_hipotetico,recusa_por_inadequacao,0.150,nao,0,I,"nao recomendar (vedacao do art. 6o, I, da Res. CVM no 30/2021)",recusa,15.00,14.90,4.26,2025-12,,,
D1-0876,2026-02-02,P4,Rafael,Diversifica,TS,Tesouro Selic,15,1954.22,capacidade_mensal_pof,calculo_rfl,0.225,sim,50,A,recomendar,rfl_numerico,15.00,14.90,4.26,2025-12,,,
D1-0877,2026-02-02,P4,Rafael,Diversifica,TS,Tesouro Selic,180,1954.22,capacidade_mensal_pof,calculo_rfl,0.225,nao,0,A,recomendar,rfl_numerico,15.00,14.90,4.26,2025-12,,,
D1-0878,2026-02-02,P4,Rafael,Diversifica,TS,Tesouro Selic,360,1954.22,capacidade_mensal_pof,calculo_rfl,0.200,nao,0,A,recomendar,rfl_numerico,15.00,14.90,4.26,2025-12,,,
D1-0879,2026-02-02,P4,Rafael,Diversifica,TS,Tesouro Selic,720,1954.22,capacidade_mensal_pof,calculo_rfl,0.175,nao,0,A,recomendar,rfl_numerico,15.00,14.90,4.26,2025-12,,,
D1-0880,2026-02-02,P4,Rafael,Diversifica,TS,Tesouro Selic,1080,1954.22,capacidade_mensal_pof,calculo_rfl,0.150,nao,0,A,recomendar,rfl_numerico,15.00,14.90,4.26,2025-12,,,
D1-0881,2026-02-02,P4,Rafael,Diversifica,TPRE,Tesouro Prefixado,15,1954.22,capacidade_mensal_pof,calculo_rfl,0.225,sim,50,A,recomendar,rfl_numerico,15.00,14.90,4.26,2025-12,,,
D1-0882,2026-02-02,P4,Rafael,Diversifica,TPRE,Tesouro Prefixado,180,1954.22,capacidade_mensal_pof,calculo_rfl,0.225,nao,0,A,recomendar,rfl_numerico,15.00,14.90,4.26,2025-12,,,
D1-0883,2026-02-02,P4,Rafael,Diversifica,TPRE,Tesouro Prefixado,360,1954.22,capacidade_mensal_pof,calculo_rfl,0.200,nao,0,A,recomendar,rfl_numerico,15.00,14.90,4.26,2025-12,,,
D1-0884,2026-02-02,P4,Rafael,Diversifica,TPRE,Tesouro Prefixado,720,1954.22,capacidade_mensal_pof,calculo_rfl,0.175,nao,0,A,recomendar,rfl_numerico,15.00,14.90,4.26,2025-12,,,
D1-0885,2026-02-02,P4,Rafael,Diversifica,TPRE,Tesouro Prefixado,1080,1954.22,capacidade_mensal_pof,calculo_rfl,0.150,nao,0,A,recomendar,rfl_numerico,15.00,14.90,4.26,2025-12,,,
D1-0886,2026-02-02,P4,Rafael,Diversifica,TIPCA,Tesouro IPCA+,15,1954.22,capacidade_mensal_pof,calculo_rfl,0.225,sim,50,A,recomendar,rfl_numerico,15.00,14.90,4.26,2025-12,,,
D1-0887,2026-02-02,P4,Rafael,Diversifica,TIPCA,Tesouro IPCA+,180,1954.22,capacidade_mensal_pof,calculo_rfl,0.225,nao,0,A,recomendar,rfl_numerico,15.00,14.90,4.26,2025-12,,,
D1-0888,2026-02-02,P4,Rafael,Diversifica,TIPCA,Tesouro IPCA+,360,1954.22,capacidade_mensal_pof,calculo_rfl,0.200,nao,0,A,recomendar,rfl_numerico,15.00,14.90,4.26,2025-12,,,
D1-0889,2026-02-02,P4,Rafael,Diversifica,TIPCA,Tesouro IPCA+,720,1954.22,capacidade_mensal_pof,calculo_rfl,0.175,nao,0,A,recomendar,rfl_numerico,15.00,14.90,4.26,2025-12,,,
D1-0890,2026-02-02,P4,Rafael,Diversifica,TIPCA,Tesouro IPCA+,1080,1954.22,capacidade_mensal_pof,calculo_rfl,0.150,nao,0,A,recomendar,rfl_numerico,15.00,14.90,4.26,2025-12,,,
D1-0891,2026-02-02,P4,Rafael,Diversifica,CDBI,CDB ate o limite do FGC,15,1954.22,capacidade_mensal_pof,calculo_rfl,0.225,sim,50,A,recomendar,rfl_numerico,15.00,14.90,4.26,2025-12,,,
D1-0892,2026-02-02,P4,Rafael,Diversifica,CDBI,CDB ate o limite do FGC,180,1954.22,capacidade_mensal_pof,calculo_rfl,0.225,nao,0,A,recomendar,rfl_numerico,15.00,14.90,4.26,2025-12,,,
D1-0893,2026-02-02,P4,Rafael,Diversifica,CDBI,CDB ate o limite do FGC,360,1954.22,capacidade_mensal_pof,calculo_rfl,0.200,nao,0,A,recomendar,rfl_numerico,15.00,14.90,4.26,2025-12,,,
D1-0894,2026-02-02,P4,Rafael,Diversifica,CDBI,CDB ate o limite do FGC,720,1954.22,capacidade_mensal_pof,calculo_rfl,0.175,nao,0,A,recomendar,rfl_numerico,15.00,14.90,4.26,2025-12,,,
D1-0895,2026-02-02,P4,Rafael,Diversifica,CDBI,CDB ate o limite do FGC,1080,1954.22,capacidade_mensal_pof,calculo_rfl,0.150,nao,0,A,recomendar,rfl_numerico,15.00,14.90,4.26,2025-12,,,
D1-0896,2026-02-02,P4,Rafael,Diversifica,CDBS,CDB acima do limite do FGC,15,300000.00,estoque_hipotetico,calculo_rfl,0.225,sim,50,AR,recomendar com ressalva explicita,rfl_numerico,15.00,14.90,4.26,2025-12,,,
D1-0897,2026-02-02,P4,Rafael,Diversifica,CDBS,CDB acima do limite do FGC,180,300000.00,estoque_hipotetico,calculo_rfl,0.225,nao,0,AR,recomendar com ressalva explicita,rfl_numerico,15.00,14.90,4.26,2025-12,,,
D1-0898,2026-02-02,P4,Rafael,Diversifica,CDBS,CDB acima do limite do FGC,360,300000.00,estoque_hipotetico,calculo_rfl,0.200,nao,0,AR,recomendar com ressalva explicita,rfl_numerico,15.00,14.90,4.26,2025-12,,,
D1-0899,2026-02-02,P4,Rafael,Diversifica,CDBS,CDB acima do limite do FGC,720,300000.00,estoque_hipotetico,calculo_rfl,0.175,nao,0,AR,recomendar com ressalva explicita,rfl_numerico,15.00,14.90,4.26,2025-12,,,
D1-0900,2026-02-02,P4,Rafael,Diversifica,CDBS,CDB acima do limite do FGC,1080,300000.00,estoque_hipotetico,calculo_rfl,0.150,nao,0,AR,recomendar com ressalva explicita,rfl_numerico,15.00,14.90,4.26,2025-12,,,
D1-0901,2026-03-02,P1,Joao,Sem Reservas,TS,Tesouro Selic,15,0.00,sem_capacidade,controle_abstencao,0.225,sim,50,N/A,abster-se de recomendar por ausencia de capacidade de investimento,abstencao,15.00,14.90,4.44,2026-01,,,
D1-0902,2026-03-02,P1,Joao,Sem Reservas,TS,Tesouro Selic,180,0.00,sem_capacidade,controle_abstencao,0.225,nao,0,N/A,abster-se de recomendar por ausencia de capacidade de investimento,abstencao,15.00,14.90,4.44,2026-01,,,
D1-0903,2026-03-02,P1,Joao,Sem Reservas,TS,Tesouro Selic,360,0.00,sem_capacidade,controle_abstencao,0.200,nao,0,N/A,abster-se de recomendar por ausencia de capacidade de investimento,abstencao,15.00,14.90,4.44,2026-01,,,
D1-0904,2026-03-02,P1,Joao,Sem Reservas,TS,Tesouro Selic,720,0.00,sem_capacidade,controle_abstencao,0.175,nao,0,N/A,abster-se de recomendar por ausencia de capacidade de investimento,abstencao,15.00,14.90,4.44,2026-01,,,
D1-0905,2026-03-02,P1,Joao,Sem Reservas,TS,Tesouro Selic,1080,0.00,sem_capacidade,controle_abstencao,0.150,nao,0,N/A,abster-se de recomendar por ausencia de capacidade de investimento,abstencao,15.00,14.90,4.44,2026-01,,,
D1-0906,2026-03-02,P1,Joao,Sem Reservas,TPRE,Tesouro Prefixado,15,0.00,sem_capacidade,controle_abstencao,0.225,sim,50,N/A,abster-se de recomendar por ausencia de capacidade de investimento,abstencao,15.00,14.90,4.44,2026-01,,,
D1-0907,2026-03-02,P1,Joao,Sem Reservas,TPRE,Tesouro Prefixado,180,0.00,sem_capacidade,controle_abstencao,0.225,nao,0,N/A,abster-se de recomendar por ausencia de capacidade de investimento,abstencao,15.00,14.90,4.44,2026-01,,,
D1-0908,2026-03-02,P1,Joao,Sem Reservas,TPRE,Tesouro Prefixado,360,0.00,sem_capacidade,controle_abstencao,0.200,nao,0,N/A,abster-se de recomendar por ausencia de capacidade de investimento,abstencao,15.00,14.90,4.44,2026-01,,,
D1-0909,2026-03-02,P1,Joao,Sem Reservas,TPRE,Tesouro Prefixado,720,0.00,sem_capacidade,controle_abstencao,0.175,nao,0,N/A,abster-se de recomendar por ausencia de capacidade de investimento,abstencao,15.00,14.90,4.44,2026-01,,,
D1-0910,2026-03-02,P1,Joao,Sem Reservas,TPRE,Tesouro Prefixado,1080,0.00,sem_capacidade,controle_abstencao,0.150,nao,0,N/A,abster-se de recomendar por ausencia de capacidade de investimento,abstencao,15.00,14.90,4.44,2026-01,,,
D1-0911,2026-03-02,P1,Joao,Sem Reservas,TIPCA,Tesouro IPCA+,15,0.00,sem_capacidade,controle_abstencao,0.225,sim,50,N/A,abster-se de recomendar por ausencia de capacidade de investimento,abstencao,15.00,14.90,4.44,2026-01,,,
D1-0912,2026-03-02,P1,Joao,Sem Reservas,TIPCA,Tesouro IPCA+,180,0.00,sem_capacidade,controle_abstencao,0.225,nao,0,N/A,abster-se de recomendar por ausencia de capacidade de investimento,abstencao,15.00,14.90,4.44,2026-01,,,
D1-0913,2026-03-02,P1,Joao,Sem Reservas,TIPCA,Tesouro IPCA+,360,0.00,sem_capacidade,controle_abstencao,0.200,nao,0,N/A,abster-se de recomendar por ausencia de capacidade de investimento,abstencao,15.00,14.90,4.44,2026-01,,,
D1-0914,2026-03-02,P1,Joao,Sem Reservas,TIPCA,Tesouro IPCA+,720,0.00,sem_capacidade,controle_abstencao,0.175,nao,0,N/A,abster-se de recomendar por ausencia de capacidade de investimento,abstencao,15.00,14.90,4.44,2026-01,,,
D1-0915,2026-03-02,P1,Joao,Sem Reservas,TIPCA,Tesouro IPCA+,1080,0.00,sem_capacidade,controle_abstencao,0.150,nao,0,N/A,abster-se de recomendar por ausencia de capacidade de investimento,abstencao,15.00,14.90,4.44,2026-01,,,
D1-0916,2026-03-02,P1,Joao,Sem Reservas,CDBI,CDB ate o limite do FGC,15,0.00,sem_capacidade,controle_abstencao,0.225,sim,50,N/A,abster-se de recomendar por ausencia de capacidade de investimento,abstencao,15.00,14.90,4.44,2026-01,,,
D1-0917,2026-03-02,P1,Joao,Sem Reservas,CDBI,CDB ate o limite do FGC,180,0.00,sem_capacidade,controle_abstencao,0.225,nao,0,N/A,abster-se de recomendar por ausencia de capacidade de investimento,abstencao,15.00,14.90,4.44,2026-01,,,
D1-0918,2026-03-02,P1,Joao,Sem Reservas,CDBI,CDB ate o limite do FGC,360,0.00,sem_capacidade,controle_abstencao,0.200,nao,0,N/A,abster-se de recomendar por ausencia de capacidade de investimento,abstencao,15.00,14.90,4.44,2026-01,,,
D1-0919,2026-03-02,P1,Joao,Sem Reservas,CDBI,CDB ate o limite do FGC,720,0.00,sem_capacidade,controle_abstencao,0.175,nao,0,N/A,abster-se de recomendar por ausencia de capacidade de investimento,abstencao,15.00,14.90,4.44,2026-01,,,
D1-0920,2026-03-02,P1,Joao,Sem Reservas,CDBI,CDB ate o limite do FGC,1080,0.00,sem_capacidade,controle_abstencao,0.150,nao,0,N/A,abster-se de recomendar por ausencia de capacidade de investimento,abstencao,15.00,14.90,4.44,2026-01,,,
D1-0921,2026-03-02,P1,Joao,Sem Reservas,CDBS,CDB acima do limite do FGC,15,0.00,sem_capacidade,controle_abstencao,0.225,sim,50,N/A,abster-se de recomendar por ausencia de capacidade de investimento,abstencao,15.00,14.90,4.44,2026-01,,,
D1-0922,2026-03-02,P1,Joao,Sem Reservas,CDBS,CDB acima do limite do FGC,180,0.00,sem_capacidade,controle_abstencao,0.225,nao,0,N/A,abster-se de recomendar por ausencia de capacidade de investimento,abstencao,15.00,14.90,4.44,2026-01,,,
D1-0923,2026-03-02,P1,Joao,Sem Reservas,CDBS,CDB acima do limite do FGC,360,0.00,sem_capacidade,controle_abstencao,0.200,nao,0,N/A,abster-se de recomendar por ausencia de capacidade de investimento,abstencao,15.00,14.90,4.44,2026-01,,,
D1-0924,2026-03-02,P1,Joao,Sem Reservas,CDBS,CDB acima do limite do FGC,720,0.00,sem_capacidade,controle_abstencao,0.175,nao,0,N/A,abster-se de recomendar por ausencia de capacidade de investimento,abstencao,15.00,14.90,4.44,2026-01,,,
D1-0925,2026-03-02,P1,Joao,Sem Reservas,CDBS,CDB acima do limite do FGC,1080,0.00,sem_capacidade,controle_abstencao,0.150,nao,0,N/A,abster-se de recomendar por ausencia de capacidade de investimento,abstencao,15.00,14.90,4.44,2026-01,,,
D1-0926,2026-03-02,P2,Marina,Economiza e Nao Investe,TS,Tesouro Selic,15,335.18,capacidade_mensal_pof,calculo_rfl,0.225,sim,50,A,recomendar,rfl_numerico,15.00,14.90,4.44,2026-01,,,
D1-0927,2026-03-02,P2,Marina,Economiza e Nao Investe,TS,Tesouro Selic,180,335.18,capacidade_mensal_pof,calculo_rfl,0.225,nao,0,A,recomendar,rfl_numerico,15.00,14.90,4.44,2026-01,,,
D1-0928,2026-03-02,P2,Marina,Economiza e Nao Investe,TS,Tesouro Selic,360,335.18,capacidade_mensal_pof,calculo_rfl,0.200,nao,0,A,recomendar,rfl_numerico,15.00,14.90,4.44,2026-01,,,
D1-0929,2026-03-02,P2,Marina,Economiza e Nao Investe,TS,Tesouro Selic,720,335.18,capacidade_mensal_pof,calculo_rfl,0.175,nao,0,A,recomendar,rfl_numerico,15.00,14.90,4.44,2026-01,,,
D1-0930,2026-03-02,P2,Marina,Economiza e Nao Investe,TS,Tesouro Selic,1080,335.18,capacidade_mensal_pof,calculo_rfl,0.150,nao,0,A,recomendar,rfl_numerico,15.00,14.90,4.44,2026-01,,,
D1-0931,2026-03-02,P2,Marina,Economiza e Nao Investe,TPRE,Tesouro Prefixado,15,335.18,capacidade_mensal_pof,calculo_rfl,0.225,sim,50,AR,recomendar com ressalva explicita,rfl_numerico,15.00,14.90,4.44,2026-01,,,
D1-0932,2026-03-02,P2,Marina,Economiza e Nao Investe,TPRE,Tesouro Prefixado,180,335.18,capacidade_mensal_pof,calculo_rfl,0.225,nao,0,AR,recomendar com ressalva explicita,rfl_numerico,15.00,14.90,4.44,2026-01,,,
D1-0933,2026-03-02,P2,Marina,Economiza e Nao Investe,TPRE,Tesouro Prefixado,360,335.18,capacidade_mensal_pof,calculo_rfl,0.200,nao,0,AR,recomendar com ressalva explicita,rfl_numerico,15.00,14.90,4.44,2026-01,,,
D1-0934,2026-03-02,P2,Marina,Economiza e Nao Investe,TPRE,Tesouro Prefixado,720,335.18,capacidade_mensal_pof,calculo_rfl,0.175,nao,0,AR,recomendar com ressalva explicita,rfl_numerico,15.00,14.90,4.44,2026-01,,,
D1-0935,2026-03-02,P2,Marina,Economiza e Nao Investe,TPRE,Tesouro Prefixado,1080,335.18,capacidade_mensal_pof,calculo_rfl,0.150,nao,0,AR,recomendar com ressalva explicita,rfl_numerico,15.00,14.90,4.44,2026-01,,,
D1-0936,2026-03-02,P2,Marina,Economiza e Nao Investe,TIPCA,Tesouro IPCA+,15,335.18,capacidade_mensal_pof,recusa_por_inadequacao,0.225,sim,50,I,"nao recomendar (vedacao do art. 6o, I, da Res. CVM no 30/2021)",recusa,15.00,14.90,4.44,2026-01,,,
D1-0937,2026-03-02,P2,Marina,Economiza e Nao Investe,TIPCA,Tesouro IPCA+,180,335.18,capacidade_mensal_pof,recusa_por_inadequacao,0.225,nao,0,I,"nao recomendar (vedacao do art. 6o, I, da Res. CVM no 30/2021)",recusa,15.00,14.90,4.44,2026-01,,,
D1-0938,2026-03-02,P2,Marina,Economiza e Nao Investe,TIPCA,Tesouro IPCA+,360,335.18,capacidade_mensal_pof,recusa_por_inadequacao,0.200,nao,0,I,"nao recomendar (vedacao do art. 6o, I, da Res. CVM no 30/2021)",recusa,15.00,14.90,4.44,2026-01,,,
D1-0939,2026-03-02,P2,Marina,Economiza e Nao Investe,TIPCA,Tesouro IPCA+,720,335.18,capacidade_mensal_pof,recusa_por_inadequacao,0.175,nao,0,I,"nao recomendar (vedacao do art. 6o, I, da Res. CVM no 30/2021)",recusa,15.00,14.90,4.44,2026-01,,,
D1-0940,2026-03-02,P2,Marina,Economiza e Nao Investe,TIPCA,Tesouro IPCA+,1080,335.18,capacidade_mensal_pof,recusa_por_inadequacao,0.150,nao,0,I,"nao recomendar (vedacao do art. 6o, I, da Res. CVM no 30/2021)",recusa,15.00,14.90,4.44,2026-01,,,
D1-0941,2026-03-02,P2,Marina,Economiza e Nao Investe,CDBI,CDB ate o limite do FGC,15,335.18,capacidade_mensal_pof,calculo_rfl,0.225,sim,50,A,recomendar,rfl_numerico,15.00,14.90,4.44,2026-01,,,
D1-0942,2026-03-02,P2,Marina,Economiza e Nao Investe,CDBI,CDB ate o limite do FGC,180,335.18,capacidade_mensal_pof,calculo_rfl,0.225,nao,0,A,recomendar,rfl_numerico,15.00,14.90,4.44,2026-01,,,
D1-0943,2026-03-02,P2,Marina,Economiza e Nao Investe,CDBI,CDB ate o limite do FGC,360,335.18,capacidade_mensal_pof,calculo_rfl,0.200,nao,0,A,recomendar,rfl_numerico,15.00,14.90,4.44,2026-01,,,
D1-0944,2026-03-02,P2,Marina,Economiza e Nao Investe,CDBI,CDB ate o limite do FGC,720,335.18,capacidade_mensal_pof,calculo_rfl,0.175,nao,0,A,recomendar,rfl_numerico,15.00,14.90,4.44,2026-01,,,
D1-0945,2026-03-02,P2,Marina,Economiza e Nao Investe,CDBI,CDB ate o limite do FGC,1080,335.18,capacidade_mensal_pof,calculo_rfl,0.150,nao,0,A,recomendar,rfl_numerico,15.00,14.90,4.44,2026-01,,,
D1-0946,2026-03-02,P2,Marina,Economiza e Nao Investe,CDBS,CDB acima do limite do FGC,15,300000.00,estoque_hipotetico,recusa_por_inadequacao,0.225,sim,50,I,"nao recomendar (vedacao do art. 6o, I, da Res. CVM no 30/2021)",recusa,15.00,14.90,4.44,2026-01,,,
D1-0947,2026-03-02,P2,Marina,Economiza e Nao Investe,CDBS,CDB acima do limite do FGC,180,300000.00,estoque_hipotetico,recusa_por_inadequacao,0.225,nao,0,I,"nao recomendar (vedacao do art. 6o, I, da Res. CVM no 30/2021)",recusa,15.00,14.90,4.44,2026-01,,,
D1-0948,2026-03-02,P2,Marina,Economiza e Nao Investe,CDBS,CDB acima do limite do FGC,360,300000.00,estoque_hipotetico,recusa_por_inadequacao,0.200,nao,0,I,"nao recomendar (vedacao do art. 6o, I, da Res. CVM no 30/2021)",recusa,15.00,14.90,4.44,2026-01,,,
D1-0949,2026-03-02,P2,Marina,Economiza e Nao Investe,CDBS,CDB acima do limite do FGC,720,300000.00,estoque_hipotetico,recusa_por_inadequacao,0.175,nao,0,I,"nao recomendar (vedacao do art. 6o, I, da Res. CVM no 30/2021)",recusa,15.00,14.90,4.44,2026-01,,,
D1-0950,2026-03-02,P2,Marina,Economiza e Nao Investe,CDBS,CDB acima do limite do FGC,1080,300000.00,estoque_hipotetico,recusa_por_inadequacao,0.150,nao,0,I,"nao recomendar (vedacao do art. 6o, I, da Res. CVM no 30/2021)",recusa,15.00,14.90,4.44,2026-01,,,
D1-0951,2026-03-02,P3,Antonio,Caderneta,TS,Tesouro Selic,15,335.18,capacidade_mensal_pof,calculo_rfl,0.225,sim,50,A,recomendar,rfl_numerico,15.00,14.90,4.44,2026-01,,,
D1-0952,2026-03-02,P3,Antonio,Caderneta,TS,Tesouro Selic,180,335.18,capacidade_mensal_pof,calculo_rfl,0.225,nao,0,A,recomendar,rfl_numerico,15.00,14.90,4.44,2026-01,,,
D1-0953,2026-03-02,P3,Antonio,Caderneta,TS,Tesouro Selic,360,335.18,capacidade_mensal_pof,calculo_rfl,0.200,nao,0,A,recomendar,rfl_numerico,15.00,14.90,4.44,2026-01,,,
D1-0954,2026-03-02,P3,Antonio,Caderneta,TS,Tesouro Selic,720,335.18,capacidade_mensal_pof,calculo_rfl,0.175,nao,0,A,recomendar,rfl_numerico,15.00,14.90,4.44,2026-01,,,
D1-0955,2026-03-02,P3,Antonio,Caderneta,TS,Tesouro Selic,1080,335.18,capacidade_mensal_pof,calculo_rfl,0.150,nao,0,A,recomendar,rfl_numerico,15.00,14.90,4.44,2026-01,,,
D1-0956,2026-03-02,P3,Antonio,Caderneta,TPRE,Tesouro Prefixado,15,335.18,capacidade_mensal_pof,recusa_por_inadequacao,0.225,sim,50,I,"nao recomendar (vedacao do art. 6o, I, da Res. CVM no 30/2021)",recusa,15.00,14.90,4.44,2026-01,,,
D1-0957,2026-03-02,P3,Antonio,Caderneta,TPRE,Tesouro Prefixado,180,335.18,capacidade_mensal_pof,recusa_por_inadequacao,0.225,nao,0,I,"nao recomendar (vedacao do art. 6o, I, da Res. CVM no 30/2021)",recusa,15.00,14.90,4.44,2026-01,,,
D1-0958,2026-03-02,P3,Antonio,Caderneta,TPRE,Tesouro Prefixado,360,335.18,capacidade_mensal_pof,recusa_por_inadequacao,0.200,nao,0,I,"nao recomendar (vedacao do art. 6o, I, da Res. CVM no 30/2021)",recusa,15.00,14.90,4.44,2026-01,,,
D1-0959,2026-03-02,P3,Antonio,Caderneta,TPRE,Tesouro Prefixado,720,335.18,capacidade_mensal_pof,recusa_por_inadequacao,0.175,nao,0,I,"nao recomendar (vedacao do art. 6o, I, da Res. CVM no 30/2021)",recusa,15.00,14.90,4.44,2026-01,,,
D1-0960,2026-03-02,P3,Antonio,Caderneta,TPRE,Tesouro Prefixado,1080,335.18,capacidade_mensal_pof,recusa_por_inadequacao,0.150,nao,0,I,"nao recomendar (vedacao do art. 6o, I, da Res. CVM no 30/2021)",recusa,15.00,14.90,4.44,2026-01,,,
D1-0961,2026-03-02,P3,Antonio,Caderneta,TIPCA,Tesouro IPCA+,15,335.18,capacidade_mensal_pof,recusa_por_inadequacao,0.225,sim,50,I,"nao recomendar (vedacao do art. 6o, I, da Res. CVM no 30/2021)",recusa,15.00,14.90,4.44,2026-01,,,
D1-0962,2026-03-02,P3,Antonio,Caderneta,TIPCA,Tesouro IPCA+,180,335.18,capacidade_mensal_pof,recusa_por_inadequacao,0.225,nao,0,I,"nao recomendar (vedacao do art. 6o, I, da Res. CVM no 30/2021)",recusa,15.00,14.90,4.44,2026-01,,,
D1-0963,2026-03-02,P3,Antonio,Caderneta,TIPCA,Tesouro IPCA+,360,335.18,capacidade_mensal_pof,recusa_por_inadequacao,0.200,nao,0,I,"nao recomendar (vedacao do art. 6o, I, da Res. CVM no 30/2021)",recusa,15.00,14.90,4.44,2026-01,,,
D1-0964,2026-03-02,P3,Antonio,Caderneta,TIPCA,Tesouro IPCA+,720,335.18,capacidade_mensal_pof,recusa_por_inadequacao,0.175,nao,0,I,"nao recomendar (vedacao do art. 6o, I, da Res. CVM no 30/2021)",recusa,15.00,14.90,4.44,2026-01,,,
D1-0965,2026-03-02,P3,Antonio,Caderneta,TIPCA,Tesouro IPCA+,1080,335.18,capacidade_mensal_pof,recusa_por_inadequacao,0.150,nao,0,I,"nao recomendar (vedacao do art. 6o, I, da Res. CVM no 30/2021)",recusa,15.00,14.90,4.44,2026-01,,,
D1-0966,2026-03-02,P3,Antonio,Caderneta,CDBI,CDB ate o limite do FGC,15,335.18,capacidade_mensal_pof,calculo_rfl,0.225,sim,50,A,recomendar,rfl_numerico,15.00,14.90,4.44,2026-01,,,
D1-0967,2026-03-02,P3,Antonio,Caderneta,CDBI,CDB ate o limite do FGC,180,335.18,capacidade_mensal_pof,calculo_rfl,0.225,nao,0,A,recomendar,rfl_numerico,15.00,14.90,4.44,2026-01,,,
D1-0968,2026-03-02,P3,Antonio,Caderneta,CDBI,CDB ate o limite do FGC,360,335.18,capacidade_mensal_pof,calculo_rfl,0.200,nao,0,A,recomendar,rfl_numerico,15.00,14.90,4.44,2026-01,,,
D1-0969,2026-03-02,P3,Antonio,Caderneta,CDBI,CDB ate o limite do FGC,720,335.18,capacidade_mensal_pof,calculo_rfl,0.175,nao,0,A,recomendar,rfl_numerico,15.00,14.90,4.44,2026-01,,,
D1-0970,2026-03-02,P3,Antonio,Caderneta,CDBI,CDB ate o limite do FGC,1080,335.18,capacidade_mensal_pof,calculo_rfl,0.150,nao,0,A,recomendar,rfl_numerico,15.00,14.90,4.44,2026-01,,,
D1-0971,2026-03-02,P3,Antonio,Caderneta,CDBS,CDB acima do limite do FGC,15,300000.00,estoque_hipotetico,recusa_por_inadequacao,0.225,sim,50,I,"nao recomendar (vedacao do art. 6o, I, da Res. CVM no 30/2021)",recusa,15.00,14.90,4.44,2026-01,,,
D1-0972,2026-03-02,P3,Antonio,Caderneta,CDBS,CDB acima do limite do FGC,180,300000.00,estoque_hipotetico,recusa_por_inadequacao,0.225,nao,0,I,"nao recomendar (vedacao do art. 6o, I, da Res. CVM no 30/2021)",recusa,15.00,14.90,4.44,2026-01,,,
D1-0973,2026-03-02,P3,Antonio,Caderneta,CDBS,CDB acima do limite do FGC,360,300000.00,estoque_hipotetico,recusa_por_inadequacao,0.200,nao,0,I,"nao recomendar (vedacao do art. 6o, I, da Res. CVM no 30/2021)",recusa,15.00,14.90,4.44,2026-01,,,
D1-0974,2026-03-02,P3,Antonio,Caderneta,CDBS,CDB acima do limite do FGC,720,300000.00,estoque_hipotetico,recusa_por_inadequacao,0.175,nao,0,I,"nao recomendar (vedacao do art. 6o, I, da Res. CVM no 30/2021)",recusa,15.00,14.90,4.44,2026-01,,,
D1-0975,2026-03-02,P3,Antonio,Caderneta,CDBS,CDB acima do limite do FGC,1080,300000.00,estoque_hipotetico,recusa_por_inadequacao,0.150,nao,0,I,"nao recomendar (vedacao do art. 6o, I, da Res. CVM no 30/2021)",recusa,15.00,14.90,4.44,2026-01,,,
D1-0976,2026-03-02,P4,Rafael,Diversifica,TS,Tesouro Selic,15,1954.22,capacidade_mensal_pof,calculo_rfl,0.225,sim,50,A,recomendar,rfl_numerico,15.00,14.90,4.44,2026-01,,,
D1-0977,2026-03-02,P4,Rafael,Diversifica,TS,Tesouro Selic,180,1954.22,capacidade_mensal_pof,calculo_rfl,0.225,nao,0,A,recomendar,rfl_numerico,15.00,14.90,4.44,2026-01,,,
D1-0978,2026-03-02,P4,Rafael,Diversifica,TS,Tesouro Selic,360,1954.22,capacidade_mensal_pof,calculo_rfl,0.200,nao,0,A,recomendar,rfl_numerico,15.00,14.90,4.44,2026-01,,,
D1-0979,2026-03-02,P4,Rafael,Diversifica,TS,Tesouro Selic,720,1954.22,capacidade_mensal_pof,calculo_rfl,0.175,nao,0,A,recomendar,rfl_numerico,15.00,14.90,4.44,2026-01,,,
D1-0980,2026-03-02,P4,Rafael,Diversifica,TS,Tesouro Selic,1080,1954.22,capacidade_mensal_pof,calculo_rfl,0.150,nao,0,A,recomendar,rfl_numerico,15.00,14.90,4.44,2026-01,,,
D1-0981,2026-03-02,P4,Rafael,Diversifica,TPRE,Tesouro Prefixado,15,1954.22,capacidade_mensal_pof,calculo_rfl,0.225,sim,50,A,recomendar,rfl_numerico,15.00,14.90,4.44,2026-01,,,
D1-0982,2026-03-02,P4,Rafael,Diversifica,TPRE,Tesouro Prefixado,180,1954.22,capacidade_mensal_pof,calculo_rfl,0.225,nao,0,A,recomendar,rfl_numerico,15.00,14.90,4.44,2026-01,,,
D1-0983,2026-03-02,P4,Rafael,Diversifica,TPRE,Tesouro Prefixado,360,1954.22,capacidade_mensal_pof,calculo_rfl,0.200,nao,0,A,recomendar,rfl_numerico,15.00,14.90,4.44,2026-01,,,
D1-0984,2026-03-02,P4,Rafael,Diversifica,TPRE,Tesouro Prefixado,720,1954.22,capacidade_mensal_pof,calculo_rfl,0.175,nao,0,A,recomendar,rfl_numerico,15.00,14.90,4.44,2026-01,,,
D1-0985,2026-03-02,P4,Rafael,Diversifica,TPRE,Tesouro Prefixado,1080,1954.22,capacidade_mensal_pof,calculo_rfl,0.150,nao,0,A,recomendar,rfl_numerico,15.00,14.90,4.44,2026-01,,,
D1-0986,2026-03-02,P4,Rafael,Diversifica,TIPCA,Tesouro IPCA+,15,1954.22,capacidade_mensal_pof,calculo_rfl,0.225,sim,50,A,recomendar,rfl_numerico,15.00,14.90,4.44,2026-01,,,
D1-0987,2026-03-02,P4,Rafael,Diversifica,TIPCA,Tesouro IPCA+,180,1954.22,capacidade_mensal_pof,calculo_rfl,0.225,nao,0,A,recomendar,rfl_numerico,15.00,14.90,4.44,2026-01,,,
D1-0988,2026-03-02,P4,Rafael,Diversifica,TIPCA,Tesouro IPCA+,360,1954.22,capacidade_mensal_pof,calculo_rfl,0.200,nao,0,A,recomendar,rfl_numerico,15.00,14.90,4.44,2026-01,,,
D1-0989,2026-03-02,P4,Rafael,Diversifica,TIPCA,Tesouro IPCA+,720,1954.22,capacidade_mensal_pof,calculo_rfl,0.175,nao,0,A,recomendar,rfl_numerico,15.00,14.90,4.44,2026-01,,,
D1-0990,2026-03-02,P4,Rafael,Diversifica,TIPCA,Tesouro IPCA+,1080,1954.22,capacidade_mensal_pof,calculo_rfl,0.150,nao,0,A,recomendar,rfl_numerico,15.00,14.90,4.44,2026-01,,,
D1-0991,2026-03-02,P4,Rafael,Diversifica,CDBI,CDB ate o limite do FGC,15,1954.22,capacidade_mensal_pof,calculo_rfl,0.225,sim,50,A,recomendar,rfl_numerico,15.00,14.90,4.44,2026-01,,,
D1-0992,2026-03-02,P4,Rafael,Diversifica,CDBI,CDB ate o limite do FGC,180,1954.22,capacidade_mensal_pof,calculo_rfl,0.225,nao,0,A,recomendar,rfl_numerico,15.00,14.90,4.44,2026-01,,,
D1-0993,2026-03-02,P4,Rafael,Diversifica,CDBI,CDB ate o limite do FGC,360,1954.22,capacidade_mensal_pof,calculo_rfl,0.200,nao,0,A,recomendar,rfl_numerico,15.00,14.90,4.44,2026-01,,,
D1-0994,2026-03-02,P4,Rafael,Diversifica,CDBI,CDB ate o limite do FGC,720,1954.22,capacidade_mensal_pof,calculo_rfl,0.175,nao,0,A,recomendar,rfl_numerico,15.00,14.90,4.44,2026-01,,,
D1-0995,2026-03-02,P4,Rafael,Diversifica,CDBI,CDB ate o limite do FGC,1080,1954.22,capacidade_mensal_pof,calculo_rfl,0.150,nao,0,A,recomendar,rfl_numerico,15.00,14.90,4.44,2026-01,,,
D1-0996,2026-03-02,P4,Rafael,Diversifica,CDBS,CDB acima do limite do FGC,15,300000.00,estoque_hipotetico,calculo_rfl,0.225,sim,50,AR,recomendar com ressalva explicita,rfl_numerico,15.00,14.90,4.44,2026-01,,,
D1-0997,2026-03-02,P4,Rafael,Diversifica,CDBS,CDB acima do limite do FGC,180,300000.00,estoque_hipotetico,calculo_rfl,0.225,nao,0,AR,recomendar com ressalva explicita,rfl_numerico,15.00,14.90,4.44,2026-01,,,
D1-0998,2026-03-02,P4,Rafael,Diversifica,CDBS,CDB acima do limite do FGC,360,300000.00,estoque_hipotetico,calculo_rfl,0.200,nao,0,AR,recomendar com ressalva explicita,rfl_numerico,15.00,14.90,4.44,2026-01,,,
D1-0999,2026-03-02,P4,Rafael,Diversifica,CDBS,CDB acima do limite do FGC,720,300000.00,estoque_hipotetico,calculo_rfl,0.175,nao,0,AR,recomendar com ressalva explicita,rfl_numerico,15.00,14.90,4.44,2026-01,,,
D1-1000,2026-03-02,P4,Rafael,Diversifica,CDBS,CDB acima do limite do FGC,1080,300000.00,estoque_hipotetico,calculo_rfl,0.150,nao,0,AR,recomendar com ressalva explicita,rfl_numerico,15.00,14.90,4.44,2026-01,,,
D1-1001,2026-04-01,P1,Joao,Sem Reservas,TS,Tesouro Selic,15,0.00,sem_capacidade,controle_abstencao,0.225,sim,50,N/A,abster-se de recomendar por ausencia de capacidade de investimento,abstencao,14.75,14.65,3.81,2026-02,,,
D1-1002,2026-04-01,P1,Joao,Sem Reservas,TS,Tesouro Selic,180,0.00,sem_capacidade,controle_abstencao,0.225,nao,0,N/A,abster-se de recomendar por ausencia de capacidade de investimento,abstencao,14.75,14.65,3.81,2026-02,,,
D1-1003,2026-04-01,P1,Joao,Sem Reservas,TS,Tesouro Selic,360,0.00,sem_capacidade,controle_abstencao,0.200,nao,0,N/A,abster-se de recomendar por ausencia de capacidade de investimento,abstencao,14.75,14.65,3.81,2026-02,,,
D1-1004,2026-04-01,P1,Joao,Sem Reservas,TS,Tesouro Selic,720,0.00,sem_capacidade,controle_abstencao,0.175,nao,0,N/A,abster-se de recomendar por ausencia de capacidade de investimento,abstencao,14.75,14.65,3.81,2026-02,,,
D1-1005,2026-04-01,P1,Joao,Sem Reservas,TS,Tesouro Selic,1080,0.00,sem_capacidade,controle_abstencao,0.150,nao,0,N/A,abster-se de recomendar por ausencia de capacidade de investimento,abstencao,14.75,14.65,3.81,2026-02,,,
D1-1006,2026-04-01,P1,Joao,Sem Reservas,TPRE,Tesouro Prefixado,15,0.00,sem_capacidade,controle_abstencao,0.225,sim,50,N/A,abster-se de recomendar por ausencia de capacidade de investimento,abstencao,14.75,14.65,3.81,2026-02,,,
D1-1007,2026-04-01,P1,Joao,Sem Reservas,TPRE,Tesouro Prefixado,180,0.00,sem_capacidade,controle_abstencao,0.225,nao,0,N/A,abster-se de recomendar por ausencia de capacidade de investimento,abstencao,14.75,14.65,3.81,2026-02,,,
D1-1008,2026-04-01,P1,Joao,Sem Reservas,TPRE,Tesouro Prefixado,360,0.00,sem_capacidade,controle_abstencao,0.200,nao,0,N/A,abster-se de recomendar por ausencia de capacidade de investimento,abstencao,14.75,14.65,3.81,2026-02,,,
D1-1009,2026-04-01,P1,Joao,Sem Reservas,TPRE,Tesouro Prefixado,720,0.00,sem_capacidade,controle_abstencao,0.175,nao,0,N/A,abster-se de recomendar por ausencia de capacidade de investimento,abstencao,14.75,14.65,3.81,2026-02,,,
D1-1010,2026-04-01,P1,Joao,Sem Reservas,TPRE,Tesouro Prefixado,1080,0.00,sem_capacidade,controle_abstencao,0.150,nao,0,N/A,abster-se de recomendar por ausencia de capacidade de investimento,abstencao,14.75,14.65,3.81,2026-02,,,
D1-1011,2026-04-01,P1,Joao,Sem Reservas,TIPCA,Tesouro IPCA+,15,0.00,sem_capacidade,controle_abstencao,0.225,sim,50,N/A,abster-se de recomendar por ausencia de capacidade de investimento,abstencao,14.75,14.65,3.81,2026-02,,,
D1-1012,2026-04-01,P1,Joao,Sem Reservas,TIPCA,Tesouro IPCA+,180,0.00,sem_capacidade,controle_abstencao,0.225,nao,0,N/A,abster-se de recomendar por ausencia de capacidade de investimento,abstencao,14.75,14.65,3.81,2026-02,,,
D1-1013,2026-04-01,P1,Joao,Sem Reservas,TIPCA,Tesouro IPCA+,360,0.00,sem_capacidade,controle_abstencao,0.200,nao,0,N/A,abster-se de recomendar por ausencia de capacidade de investimento,abstencao,14.75,14.65,3.81,2026-02,,,
D1-1014,2026-04-01,P1,Joao,Sem Reservas,TIPCA,Tesouro IPCA+,720,0.00,sem_capacidade,controle_abstencao,0.175,nao,0,N/A,abster-se de recomendar por ausencia de capacidade de investimento,abstencao,14.75,14.65,3.81,2026-02,,,
D1-1015,2026-04-01,P1,Joao,Sem Reservas,TIPCA,Tesouro IPCA+,1080,0.00,sem_capacidade,controle_abstencao,0.150,nao,0,N/A,abster-se de recomendar por ausencia de capacidade de investimento,abstencao,14.75,14.65,3.81,2026-02,,,
D1-1016,2026-04-01,P1,Joao,Sem Reservas,CDBI,CDB ate o limite do FGC,15,0.00,sem_capacidade,controle_abstencao,0.225,sim,50,N/A,abster-se de recomendar por ausencia de capacidade de investimento,abstencao,14.75,14.65,3.81,2026-02,,,
D1-1017,2026-04-01,P1,Joao,Sem Reservas,CDBI,CDB ate o limite do FGC,180,0.00,sem_capacidade,controle_abstencao,0.225,nao,0,N/A,abster-se de recomendar por ausencia de capacidade de investimento,abstencao,14.75,14.65,3.81,2026-02,,,
D1-1018,2026-04-01,P1,Joao,Sem Reservas,CDBI,CDB ate o limite do FGC,360,0.00,sem_capacidade,controle_abstencao,0.200,nao,0,N/A,abster-se de recomendar por ausencia de capacidade de investimento,abstencao,14.75,14.65,3.81,2026-02,,,
D1-1019,2026-04-01,P1,Joao,Sem Reservas,CDBI,CDB ate o limite do FGC,720,0.00,sem_capacidade,controle_abstencao,0.175,nao,0,N/A,abster-se de recomendar por ausencia de capacidade de investimento,abstencao,14.75,14.65,3.81,2026-02,,,
D1-1020,2026-04-01,P1,Joao,Sem Reservas,CDBI,CDB ate o limite do FGC,1080,0.00,sem_capacidade,controle_abstencao,0.150,nao,0,N/A,abster-se de recomendar por ausencia de capacidade de investimento,abstencao,14.75,14.65,3.81,2026-02,,,
D1-1021,2026-04-01,P1,Joao,Sem Reservas,CDBS,CDB acima do limite do FGC,15,0.00,sem_capacidade,controle_abstencao,0.225,sim,50,N/A,abster-se de recomendar por ausencia de capacidade de investimento,abstencao,14.75,14.65,3.81,2026-02,,,
D1-1022,2026-04-01,P1,Joao,Sem Reservas,CDBS,CDB acima do limite do FGC,180,0.00,sem_capacidade,controle_abstencao,0.225,nao,0,N/A,abster-se de recomendar por ausencia de capacidade de investimento,abstencao,14.75,14.65,3.81,2026-02,,,
D1-1023,2026-04-01,P1,Joao,Sem Reservas,CDBS,CDB acima do limite do FGC,360,0.00,sem_capacidade,controle_abstencao,0.200,nao,0,N/A,abster-se de recomendar por ausencia de capacidade de investimento,abstencao,14.75,14.65,3.81,2026-02,,,
D1-1024,2026-04-01,P1,Joao,Sem Reservas,CDBS,CDB acima do limite do FGC,720,0.00,sem_capacidade,controle_abstencao,0.175,nao,0,N/A,abster-se de recomendar por ausencia de capacidade de investimento,abstencao,14.75,14.65,3.81,2026-02,,,
D1-1025,2026-04-01,P1,Joao,Sem Reservas,CDBS,CDB acima do limite do FGC,1080,0.00,sem_capacidade,controle_abstencao,0.150,nao,0,N/A,abster-se de recomendar por ausencia de capacidade de investimento,abstencao,14.75,14.65,3.81,2026-02,,,
D1-1026,2026-04-01,P2,Marina,Economiza e Nao Investe,TS,Tesouro Selic,15,335.18,capacidade_mensal_pof,calculo_rfl,0.225,sim,50,A,recomendar,rfl_numerico,14.75,14.65,3.81,2026-02,,,
D1-1027,2026-04-01,P2,Marina,Economiza e Nao Investe,TS,Tesouro Selic,180,335.18,capacidade_mensal_pof,calculo_rfl,0.225,nao,0,A,recomendar,rfl_numerico,14.75,14.65,3.81,2026-02,,,
D1-1028,2026-04-01,P2,Marina,Economiza e Nao Investe,TS,Tesouro Selic,360,335.18,capacidade_mensal_pof,calculo_rfl,0.200,nao,0,A,recomendar,rfl_numerico,14.75,14.65,3.81,2026-02,,,
D1-1029,2026-04-01,P2,Marina,Economiza e Nao Investe,TS,Tesouro Selic,720,335.18,capacidade_mensal_pof,calculo_rfl,0.175,nao,0,A,recomendar,rfl_numerico,14.75,14.65,3.81,2026-02,,,
D1-1030,2026-04-01,P2,Marina,Economiza e Nao Investe,TS,Tesouro Selic,1080,335.18,capacidade_mensal_pof,calculo_rfl,0.150,nao,0,A,recomendar,rfl_numerico,14.75,14.65,3.81,2026-02,,,
D1-1031,2026-04-01,P2,Marina,Economiza e Nao Investe,TPRE,Tesouro Prefixado,15,335.18,capacidade_mensal_pof,calculo_rfl,0.225,sim,50,AR,recomendar com ressalva explicita,rfl_numerico,14.75,14.65,3.81,2026-02,,,
D1-1032,2026-04-01,P2,Marina,Economiza e Nao Investe,TPRE,Tesouro Prefixado,180,335.18,capacidade_mensal_pof,calculo_rfl,0.225,nao,0,AR,recomendar com ressalva explicita,rfl_numerico,14.75,14.65,3.81,2026-02,,,
D1-1033,2026-04-01,P2,Marina,Economiza e Nao Investe,TPRE,Tesouro Prefixado,360,335.18,capacidade_mensal_pof,calculo_rfl,0.200,nao,0,AR,recomendar com ressalva explicita,rfl_numerico,14.75,14.65,3.81,2026-02,,,
D1-1034,2026-04-01,P2,Marina,Economiza e Nao Investe,TPRE,Tesouro Prefixado,720,335.18,capacidade_mensal_pof,calculo_rfl,0.175,nao,0,AR,recomendar com ressalva explicita,rfl_numerico,14.75,14.65,3.81,2026-02,,,
D1-1035,2026-04-01,P2,Marina,Economiza e Nao Investe,TPRE,Tesouro Prefixado,1080,335.18,capacidade_mensal_pof,calculo_rfl,0.150,nao,0,AR,recomendar com ressalva explicita,rfl_numerico,14.75,14.65,3.81,2026-02,,,
D1-1036,2026-04-01,P2,Marina,Economiza e Nao Investe,TIPCA,Tesouro IPCA+,15,335.18,capacidade_mensal_pof,recusa_por_inadequacao,0.225,sim,50,I,"nao recomendar (vedacao do art. 6o, I, da Res. CVM no 30/2021)",recusa,14.75,14.65,3.81,2026-02,,,
D1-1037,2026-04-01,P2,Marina,Economiza e Nao Investe,TIPCA,Tesouro IPCA+,180,335.18,capacidade_mensal_pof,recusa_por_inadequacao,0.225,nao,0,I,"nao recomendar (vedacao do art. 6o, I, da Res. CVM no 30/2021)",recusa,14.75,14.65,3.81,2026-02,,,
D1-1038,2026-04-01,P2,Marina,Economiza e Nao Investe,TIPCA,Tesouro IPCA+,360,335.18,capacidade_mensal_pof,recusa_por_inadequacao,0.200,nao,0,I,"nao recomendar (vedacao do art. 6o, I, da Res. CVM no 30/2021)",recusa,14.75,14.65,3.81,2026-02,,,
D1-1039,2026-04-01,P2,Marina,Economiza e Nao Investe,TIPCA,Tesouro IPCA+,720,335.18,capacidade_mensal_pof,recusa_por_inadequacao,0.175,nao,0,I,"nao recomendar (vedacao do art. 6o, I, da Res. CVM no 30/2021)",recusa,14.75,14.65,3.81,2026-02,,,
D1-1040,2026-04-01,P2,Marina,Economiza e Nao Investe,TIPCA,Tesouro IPCA+,1080,335.18,capacidade_mensal_pof,recusa_por_inadequacao,0.150,nao,0,I,"nao recomendar (vedacao do art. 6o, I, da Res. CVM no 30/2021)",recusa,14.75,14.65,3.81,2026-02,,,
D1-1041,2026-04-01,P2,Marina,Economiza e Nao Investe,CDBI,CDB ate o limite do FGC,15,335.18,capacidade_mensal_pof,calculo_rfl,0.225,sim,50,A,recomendar,rfl_numerico,14.75,14.65,3.81,2026-02,,,
D1-1042,2026-04-01,P2,Marina,Economiza e Nao Investe,CDBI,CDB ate o limite do FGC,180,335.18,capacidade_mensal_pof,calculo_rfl,0.225,nao,0,A,recomendar,rfl_numerico,14.75,14.65,3.81,2026-02,,,
D1-1043,2026-04-01,P2,Marina,Economiza e Nao Investe,CDBI,CDB ate o limite do FGC,360,335.18,capacidade_mensal_pof,calculo_rfl,0.200,nao,0,A,recomendar,rfl_numerico,14.75,14.65,3.81,2026-02,,,
D1-1044,2026-04-01,P2,Marina,Economiza e Nao Investe,CDBI,CDB ate o limite do FGC,720,335.18,capacidade_mensal_pof,calculo_rfl,0.175,nao,0,A,recomendar,rfl_numerico,14.75,14.65,3.81,2026-02,,,
D1-1045,2026-04-01,P2,Marina,Economiza e Nao Investe,CDBI,CDB ate o limite do FGC,1080,335.18,capacidade_mensal_pof,calculo_rfl,0.150,nao,0,A,recomendar,rfl_numerico,14.75,14.65,3.81,2026-02,,,
D1-1046,2026-04-01,P2,Marina,Economiza e Nao Investe,CDBS,CDB acima do limite do FGC,15,300000.00,estoque_hipotetico,recusa_por_inadequacao,0.225,sim,50,I,"nao recomendar (vedacao do art. 6o, I, da Res. CVM no 30/2021)",recusa,14.75,14.65,3.81,2026-02,,,
D1-1047,2026-04-01,P2,Marina,Economiza e Nao Investe,CDBS,CDB acima do limite do FGC,180,300000.00,estoque_hipotetico,recusa_por_inadequacao,0.225,nao,0,I,"nao recomendar (vedacao do art. 6o, I, da Res. CVM no 30/2021)",recusa,14.75,14.65,3.81,2026-02,,,
D1-1048,2026-04-01,P2,Marina,Economiza e Nao Investe,CDBS,CDB acima do limite do FGC,360,300000.00,estoque_hipotetico,recusa_por_inadequacao,0.200,nao,0,I,"nao recomendar (vedacao do art. 6o, I, da Res. CVM no 30/2021)",recusa,14.75,14.65,3.81,2026-02,,,
D1-1049,2026-04-01,P2,Marina,Economiza e Nao Investe,CDBS,CDB acima do limite do FGC,720,300000.00,estoque_hipotetico,recusa_por_inadequacao,0.175,nao,0,I,"nao recomendar (vedacao do art. 6o, I, da Res. CVM no 30/2021)",recusa,14.75,14.65,3.81,2026-02,,,
D1-1050,2026-04-01,P2,Marina,Economiza e Nao Investe,CDBS,CDB acima do limite do FGC,1080,300000.00,estoque_hipotetico,recusa_por_inadequacao,0.150,nao,0,I,"nao recomendar (vedacao do art. 6o, I, da Res. CVM no 30/2021)",recusa,14.75,14.65,3.81,2026-02,,,
D1-1051,2026-04-01,P3,Antonio,Caderneta,TS,Tesouro Selic,15,335.18,capacidade_mensal_pof,calculo_rfl,0.225,sim,50,A,recomendar,rfl_numerico,14.75,14.65,3.81,2026-02,,,
D1-1052,2026-04-01,P3,Antonio,Caderneta,TS,Tesouro Selic,180,335.18,capacidade_mensal_pof,calculo_rfl,0.225,nao,0,A,recomendar,rfl_numerico,14.75,14.65,3.81,2026-02,,,
D1-1053,2026-04-01,P3,Antonio,Caderneta,TS,Tesouro Selic,360,335.18,capacidade_mensal_pof,calculo_rfl,0.200,nao,0,A,recomendar,rfl_numerico,14.75,14.65,3.81,2026-02,,,
D1-1054,2026-04-01,P3,Antonio,Caderneta,TS,Tesouro Selic,720,335.18,capacidade_mensal_pof,calculo_rfl,0.175,nao,0,A,recomendar,rfl_numerico,14.75,14.65,3.81,2026-02,,,
D1-1055,2026-04-01,P3,Antonio,Caderneta,TS,Tesouro Selic,1080,335.18,capacidade_mensal_pof,calculo_rfl,0.150,nao,0,A,recomendar,rfl_numerico,14.75,14.65,3.81,2026-02,,,
D1-1056,2026-04-01,P3,Antonio,Caderneta,TPRE,Tesouro Prefixado,15,335.18,capacidade_mensal_pof,recusa_por_inadequacao,0.225,sim,50,I,"nao recomendar (vedacao do art. 6o, I, da Res. CVM no 30/2021)",recusa,14.75,14.65,3.81,2026-02,,,
D1-1057,2026-04-01,P3,Antonio,Caderneta,TPRE,Tesouro Prefixado,180,335.18,capacidade_mensal_pof,recusa_por_inadequacao,0.225,nao,0,I,"nao recomendar (vedacao do art. 6o, I, da Res. CVM no 30/2021)",recusa,14.75,14.65,3.81,2026-02,,,
D1-1058,2026-04-01,P3,Antonio,Caderneta,TPRE,Tesouro Prefixado,360,335.18,capacidade_mensal_pof,recusa_por_inadequacao,0.200,nao,0,I,"nao recomendar (vedacao do art. 6o, I, da Res. CVM no 30/2021)",recusa,14.75,14.65,3.81,2026-02,,,
D1-1059,2026-04-01,P3,Antonio,Caderneta,TPRE,Tesouro Prefixado,720,335.18,capacidade_mensal_pof,recusa_por_inadequacao,0.175,nao,0,I,"nao recomendar (vedacao do art. 6o, I, da Res. CVM no 30/2021)",recusa,14.75,14.65,3.81,2026-02,,,
D1-1060,2026-04-01,P3,Antonio,Caderneta,TPRE,Tesouro Prefixado,1080,335.18,capacidade_mensal_pof,recusa_por_inadequacao,0.150,nao,0,I,"nao recomendar (vedacao do art. 6o, I, da Res. CVM no 30/2021)",recusa,14.75,14.65,3.81,2026-02,,,
D1-1061,2026-04-01,P3,Antonio,Caderneta,TIPCA,Tesouro IPCA+,15,335.18,capacidade_mensal_pof,recusa_por_inadequacao,0.225,sim,50,I,"nao recomendar (vedacao do art. 6o, I, da Res. CVM no 30/2021)",recusa,14.75,14.65,3.81,2026-02,,,
D1-1062,2026-04-01,P3,Antonio,Caderneta,TIPCA,Tesouro IPCA+,180,335.18,capacidade_mensal_pof,recusa_por_inadequacao,0.225,nao,0,I,"nao recomendar (vedacao do art. 6o, I, da Res. CVM no 30/2021)",recusa,14.75,14.65,3.81,2026-02,,,
D1-1063,2026-04-01,P3,Antonio,Caderneta,TIPCA,Tesouro IPCA+,360,335.18,capacidade_mensal_pof,recusa_por_inadequacao,0.200,nao,0,I,"nao recomendar (vedacao do art. 6o, I, da Res. CVM no 30/2021)",recusa,14.75,14.65,3.81,2026-02,,,
D1-1064,2026-04-01,P3,Antonio,Caderneta,TIPCA,Tesouro IPCA+,720,335.18,capacidade_mensal_pof,recusa_por_inadequacao,0.175,nao,0,I,"nao recomendar (vedacao do art. 6o, I, da Res. CVM no 30/2021)",recusa,14.75,14.65,3.81,2026-02,,,
D1-1065,2026-04-01,P3,Antonio,Caderneta,TIPCA,Tesouro IPCA+,1080,335.18,capacidade_mensal_pof,recusa_por_inadequacao,0.150,nao,0,I,"nao recomendar (vedacao do art. 6o, I, da Res. CVM no 30/2021)",recusa,14.75,14.65,3.81,2026-02,,,
D1-1066,2026-04-01,P3,Antonio,Caderneta,CDBI,CDB ate o limite do FGC,15,335.18,capacidade_mensal_pof,calculo_rfl,0.225,sim,50,A,recomendar,rfl_numerico,14.75,14.65,3.81,2026-02,,,
D1-1067,2026-04-01,P3,Antonio,Caderneta,CDBI,CDB ate o limite do FGC,180,335.18,capacidade_mensal_pof,calculo_rfl,0.225,nao,0,A,recomendar,rfl_numerico,14.75,14.65,3.81,2026-02,,,
D1-1068,2026-04-01,P3,Antonio,Caderneta,CDBI,CDB ate o limite do FGC,360,335.18,capacidade_mensal_pof,calculo_rfl,0.200,nao,0,A,recomendar,rfl_numerico,14.75,14.65,3.81,2026-02,,,
D1-1069,2026-04-01,P3,Antonio,Caderneta,CDBI,CDB ate o limite do FGC,720,335.18,capacidade_mensal_pof,calculo_rfl,0.175,nao,0,A,recomendar,rfl_numerico,14.75,14.65,3.81,2026-02,,,
D1-1070,2026-04-01,P3,Antonio,Caderneta,CDBI,CDB ate o limite do FGC,1080,335.18,capacidade_mensal_pof,calculo_rfl,0.150,nao,0,A,recomendar,rfl_numerico,14.75,14.65,3.81,2026-02,,,
D1-1071,2026-04-01,P3,Antonio,Caderneta,CDBS,CDB acima do limite do FGC,15,300000.00,estoque_hipotetico,recusa_por_inadequacao,0.225,sim,50,I,"nao recomendar (vedacao do art. 6o, I, da Res. CVM no 30/2021)",recusa,14.75,14.65,3.81,2026-02,,,
D1-1072,2026-04-01,P3,Antonio,Caderneta,CDBS,CDB acima do limite do FGC,180,300000.00,estoque_hipotetico,recusa_por_inadequacao,0.225,nao,0,I,"nao recomendar (vedacao do art. 6o, I, da Res. CVM no 30/2021)",recusa,14.75,14.65,3.81,2026-02,,,
D1-1073,2026-04-01,P3,Antonio,Caderneta,CDBS,CDB acima do limite do FGC,360,300000.00,estoque_hipotetico,recusa_por_inadequacao,0.200,nao,0,I,"nao recomendar (vedacao do art. 6o, I, da Res. CVM no 30/2021)",recusa,14.75,14.65,3.81,2026-02,,,
D1-1074,2026-04-01,P3,Antonio,Caderneta,CDBS,CDB acima do limite do FGC,720,300000.00,estoque_hipotetico,recusa_por_inadequacao,0.175,nao,0,I,"nao recomendar (vedacao do art. 6o, I, da Res. CVM no 30/2021)",recusa,14.75,14.65,3.81,2026-02,,,
D1-1075,2026-04-01,P3,Antonio,Caderneta,CDBS,CDB acima do limite do FGC,1080,300000.00,estoque_hipotetico,recusa_por_inadequacao,0.150,nao,0,I,"nao recomendar (vedacao do art. 6o, I, da Res. CVM no 30/2021)",recusa,14.75,14.65,3.81,2026-02,,,
D1-1076,2026-04-01,P4,Rafael,Diversifica,TS,Tesouro Selic,15,1954.22,capacidade_mensal_pof,calculo_rfl,0.225,sim,50,A,recomendar,rfl_numerico,14.75,14.65,3.81,2026-02,,,
D1-1077,2026-04-01,P4,Rafael,Diversifica,TS,Tesouro Selic,180,1954.22,capacidade_mensal_pof,calculo_rfl,0.225,nao,0,A,recomendar,rfl_numerico,14.75,14.65,3.81,2026-02,,,
D1-1078,2026-04-01,P4,Rafael,Diversifica,TS,Tesouro Selic,360,1954.22,capacidade_mensal_pof,calculo_rfl,0.200,nao,0,A,recomendar,rfl_numerico,14.75,14.65,3.81,2026-02,,,
D1-1079,2026-04-01,P4,Rafael,Diversifica,TS,Tesouro Selic,720,1954.22,capacidade_mensal_pof,calculo_rfl,0.175,nao,0,A,recomendar,rfl_numerico,14.75,14.65,3.81,2026-02,,,
D1-1080,2026-04-01,P4,Rafael,Diversifica,TS,Tesouro Selic,1080,1954.22,capacidade_mensal_pof,calculo_rfl,0.150,nao,0,A,recomendar,rfl_numerico,14.75,14.65,3.81,2026-02,,,
D1-1081,2026-04-01,P4,Rafael,Diversifica,TPRE,Tesouro Prefixado,15,1954.22,capacidade_mensal_pof,calculo_rfl,0.225,sim,50,A,recomendar,rfl_numerico,14.75,14.65,3.81,2026-02,,,
D1-1082,2026-04-01,P4,Rafael,Diversifica,TPRE,Tesouro Prefixado,180,1954.22,capacidade_mensal_pof,calculo_rfl,0.225,nao,0,A,recomendar,rfl_numerico,14.75,14.65,3.81,2026-02,,,
D1-1083,2026-04-01,P4,Rafael,Diversifica,TPRE,Tesouro Prefixado,360,1954.22,capacidade_mensal_pof,calculo_rfl,0.200,nao,0,A,recomendar,rfl_numerico,14.75,14.65,3.81,2026-02,,,
D1-1084,2026-04-01,P4,Rafael,Diversifica,TPRE,Tesouro Prefixado,720,1954.22,capacidade_mensal_pof,calculo_rfl,0.175,nao,0,A,recomendar,rfl_numerico,14.75,14.65,3.81,2026-02,,,
D1-1085,2026-04-01,P4,Rafael,Diversifica,TPRE,Tesouro Prefixado,1080,1954.22,capacidade_mensal_pof,calculo_rfl,0.150,nao,0,A,recomendar,rfl_numerico,14.75,14.65,3.81,2026-02,,,
D1-1086,2026-04-01,P4,Rafael,Diversifica,TIPCA,Tesouro IPCA+,15,1954.22,capacidade_mensal_pof,calculo_rfl,0.225,sim,50,A,recomendar,rfl_numerico,14.75,14.65,3.81,2026-02,,,
D1-1087,2026-04-01,P4,Rafael,Diversifica,TIPCA,Tesouro IPCA+,180,1954.22,capacidade_mensal_pof,calculo_rfl,0.225,nao,0,A,recomendar,rfl_numerico,14.75,14.65,3.81,2026-02,,,
D1-1088,2026-04-01,P4,Rafael,Diversifica,TIPCA,Tesouro IPCA+,360,1954.22,capacidade_mensal_pof,calculo_rfl,0.200,nao,0,A,recomendar,rfl_numerico,14.75,14.65,3.81,2026-02,,,
D1-1089,2026-04-01,P4,Rafael,Diversifica,TIPCA,Tesouro IPCA+,720,1954.22,capacidade_mensal_pof,calculo_rfl,0.175,nao,0,A,recomendar,rfl_numerico,14.75,14.65,3.81,2026-02,,,
D1-1090,2026-04-01,P4,Rafael,Diversifica,TIPCA,Tesouro IPCA+,1080,1954.22,capacidade_mensal_pof,calculo_rfl,0.150,nao,0,A,recomendar,rfl_numerico,14.75,14.65,3.81,2026-02,,,
D1-1091,2026-04-01,P4,Rafael,Diversifica,CDBI,CDB ate o limite do FGC,15,1954.22,capacidade_mensal_pof,calculo_rfl,0.225,sim,50,A,recomendar,rfl_numerico,14.75,14.65,3.81,2026-02,,,
D1-1092,2026-04-01,P4,Rafael,Diversifica,CDBI,CDB ate o limite do FGC,180,1954.22,capacidade_mensal_pof,calculo_rfl,0.225,nao,0,A,recomendar,rfl_numerico,14.75,14.65,3.81,2026-02,,,
D1-1093,2026-04-01,P4,Rafael,Diversifica,CDBI,CDB ate o limite do FGC,360,1954.22,capacidade_mensal_pof,calculo_rfl,0.200,nao,0,A,recomendar,rfl_numerico,14.75,14.65,3.81,2026-02,,,
D1-1094,2026-04-01,P4,Rafael,Diversifica,CDBI,CDB ate o limite do FGC,720,1954.22,capacidade_mensal_pof,calculo_rfl,0.175,nao,0,A,recomendar,rfl_numerico,14.75,14.65,3.81,2026-02,,,
D1-1095,2026-04-01,P4,Rafael,Diversifica,CDBI,CDB ate o limite do FGC,1080,1954.22,capacidade_mensal_pof,calculo_rfl,0.150,nao,0,A,recomendar,rfl_numerico,14.75,14.65,3.81,2026-02,,,
D1-1096,2026-04-01,P4,Rafael,Diversifica,CDBS,CDB acima do limite do FGC,15,300000.00,estoque_hipotetico,calculo_rfl,0.225,sim,50,AR,recomendar com ressalva explicita,rfl_numerico,14.75,14.65,3.81,2026-02,,,
D1-1097,2026-04-01,P4,Rafael,Diversifica,CDBS,CDB acima do limite do FGC,180,300000.00,estoque_hipotetico,calculo_rfl,0.225,nao,0,AR,recomendar com ressalva explicita,rfl_numerico,14.75,14.65,3.81,2026-02,,,
D1-1098,2026-04-01,P4,Rafael,Diversifica,CDBS,CDB acima do limite do FGC,360,300000.00,estoque_hipotetico,calculo_rfl,0.200,nao,0,AR,recomendar com ressalva explicita,rfl_numerico,14.75,14.65,3.81,2026-02,,,
D1-1099,2026-04-01,P4,Rafael,Diversifica,CDBS,CDB acima do limite do FGC,720,300000.00,estoque_hipotetico,calculo_rfl,0.175,nao,0,AR,recomendar com ressalva explicita,rfl_numerico,14.75,14.65,3.81,2026-02,,,
D1-1100,2026-04-01,P4,Rafael,Diversifica,CDBS,CDB acima do limite do FGC,1080,300000.00,estoque_hipotetico,calculo_rfl,0.150,nao,0,AR,recomendar com ressalva explicita,rfl_numerico,14.75,14.65,3.81,2026-02,,,
D1-1101,2026-05-04,P1,Joao,Sem Reservas,TS,Tesouro Selic,15,0.00,sem_capacidade,controle_abstencao,0.225,sim,50,N/A,abster-se de recomendar por ausencia de capacidade de investimento,abstencao,14.50,14.40,4.14,2026-03,,,
D1-1102,2026-05-04,P1,Joao,Sem Reservas,TS,Tesouro Selic,180,0.00,sem_capacidade,controle_abstencao,0.225,nao,0,N/A,abster-se de recomendar por ausencia de capacidade de investimento,abstencao,14.50,14.40,4.14,2026-03,,,
D1-1103,2026-05-04,P1,Joao,Sem Reservas,TS,Tesouro Selic,360,0.00,sem_capacidade,controle_abstencao,0.200,nao,0,N/A,abster-se de recomendar por ausencia de capacidade de investimento,abstencao,14.50,14.40,4.14,2026-03,,,
D1-1104,2026-05-04,P1,Joao,Sem Reservas,TS,Tesouro Selic,720,0.00,sem_capacidade,controle_abstencao,0.175,nao,0,N/A,abster-se de recomendar por ausencia de capacidade de investimento,abstencao,14.50,14.40,4.14,2026-03,,,
D1-1105,2026-05-04,P1,Joao,Sem Reservas,TS,Tesouro Selic,1080,0.00,sem_capacidade,controle_abstencao,0.150,nao,0,N/A,abster-se de recomendar por ausencia de capacidade de investimento,abstencao,14.50,14.40,4.14,2026-03,,,
D1-1106,2026-05-04,P1,Joao,Sem Reservas,TPRE,Tesouro Prefixado,15,0.00,sem_capacidade,controle_abstencao,0.225,sim,50,N/A,abster-se de recomendar por ausencia de capacidade de investimento,abstencao,14.50,14.40,4.14,2026-03,,,
D1-1107,2026-05-04,P1,Joao,Sem Reservas,TPRE,Tesouro Prefixado,180,0.00,sem_capacidade,controle_abstencao,0.225,nao,0,N/A,abster-se de recomendar por ausencia de capacidade de investimento,abstencao,14.50,14.40,4.14,2026-03,,,
D1-1108,2026-05-04,P1,Joao,Sem Reservas,TPRE,Tesouro Prefixado,360,0.00,sem_capacidade,controle_abstencao,0.200,nao,0,N/A,abster-se de recomendar por ausencia de capacidade de investimento,abstencao,14.50,14.40,4.14,2026-03,,,
D1-1109,2026-05-04,P1,Joao,Sem Reservas,TPRE,Tesouro Prefixado,720,0.00,sem_capacidade,controle_abstencao,0.175,nao,0,N/A,abster-se de recomendar por ausencia de capacidade de investimento,abstencao,14.50,14.40,4.14,2026-03,,,
D1-1110,2026-05-04,P1,Joao,Sem Reservas,TPRE,Tesouro Prefixado,1080,0.00,sem_capacidade,controle_abstencao,0.150,nao,0,N/A,abster-se de recomendar por ausencia de capacidade de investimento,abstencao,14.50,14.40,4.14,2026-03,,,
D1-1111,2026-05-04,P1,Joao,Sem Reservas,TIPCA,Tesouro IPCA+,15,0.00,sem_capacidade,controle_abstencao,0.225,sim,50,N/A,abster-se de recomendar por ausencia de capacidade de investimento,abstencao,14.50,14.40,4.14,2026-03,,,
D1-1112,2026-05-04,P1,Joao,Sem Reservas,TIPCA,Tesouro IPCA+,180,0.00,sem_capacidade,controle_abstencao,0.225,nao,0,N/A,abster-se de recomendar por ausencia de capacidade de investimento,abstencao,14.50,14.40,4.14,2026-03,,,
D1-1113,2026-05-04,P1,Joao,Sem Reservas,TIPCA,Tesouro IPCA+,360,0.00,sem_capacidade,controle_abstencao,0.200,nao,0,N/A,abster-se de recomendar por ausencia de capacidade de investimento,abstencao,14.50,14.40,4.14,2026-03,,,
D1-1114,2026-05-04,P1,Joao,Sem Reservas,TIPCA,Tesouro IPCA+,720,0.00,sem_capacidade,controle_abstencao,0.175,nao,0,N/A,abster-se de recomendar por ausencia de capacidade de investimento,abstencao,14.50,14.40,4.14,2026-03,,,
D1-1115,2026-05-04,P1,Joao,Sem Reservas,TIPCA,Tesouro IPCA+,1080,0.00,sem_capacidade,controle_abstencao,0.150,nao,0,N/A,abster-se de recomendar por ausencia de capacidade de investimento,abstencao,14.50,14.40,4.14,2026-03,,,
D1-1116,2026-05-04,P1,Joao,Sem Reservas,CDBI,CDB ate o limite do FGC,15,0.00,sem_capacidade,controle_abstencao,0.225,sim,50,N/A,abster-se de recomendar por ausencia de capacidade de investimento,abstencao,14.50,14.40,4.14,2026-03,,,
D1-1117,2026-05-04,P1,Joao,Sem Reservas,CDBI,CDB ate o limite do FGC,180,0.00,sem_capacidade,controle_abstencao,0.225,nao,0,N/A,abster-se de recomendar por ausencia de capacidade de investimento,abstencao,14.50,14.40,4.14,2026-03,,,
D1-1118,2026-05-04,P1,Joao,Sem Reservas,CDBI,CDB ate o limite do FGC,360,0.00,sem_capacidade,controle_abstencao,0.200,nao,0,N/A,abster-se de recomendar por ausencia de capacidade de investimento,abstencao,14.50,14.40,4.14,2026-03,,,
D1-1119,2026-05-04,P1,Joao,Sem Reservas,CDBI,CDB ate o limite do FGC,720,0.00,sem_capacidade,controle_abstencao,0.175,nao,0,N/A,abster-se de recomendar por ausencia de capacidade de investimento,abstencao,14.50,14.40,4.14,2026-03,,,
D1-1120,2026-05-04,P1,Joao,Sem Reservas,CDBI,CDB ate o limite do FGC,1080,0.00,sem_capacidade,controle_abstencao,0.150,nao,0,N/A,abster-se de recomendar por ausencia de capacidade de investimento,abstencao,14.50,14.40,4.14,2026-03,,,
D1-1121,2026-05-04,P1,Joao,Sem Reservas,CDBS,CDB acima do limite do FGC,15,0.00,sem_capacidade,controle_abstencao,0.225,sim,50,N/A,abster-se de recomendar por ausencia de capacidade de investimento,abstencao,14.50,14.40,4.14,2026-03,,,
D1-1122,2026-05-04,P1,Joao,Sem Reservas,CDBS,CDB acima do limite do FGC,180,0.00,sem_capacidade,controle_abstencao,0.225,nao,0,N/A,abster-se de recomendar por ausencia de capacidade de investimento,abstencao,14.50,14.40,4.14,2026-03,,,
D1-1123,2026-05-04,P1,Joao,Sem Reservas,CDBS,CDB acima do limite do FGC,360,0.00,sem_capacidade,controle_abstencao,0.200,nao,0,N/A,abster-se de recomendar por ausencia de capacidade de investimento,abstencao,14.50,14.40,4.14,2026-03,,,
D1-1124,2026-05-04,P1,Joao,Sem Reservas,CDBS,CDB acima do limite do FGC,720,0.00,sem_capacidade,controle_abstencao,0.175,nao,0,N/A,abster-se de recomendar por ausencia de capacidade de investimento,abstencao,14.50,14.40,4.14,2026-03,,,
D1-1125,2026-05-04,P1,Joao,Sem Reservas,CDBS,CDB acima do limite do FGC,1080,0.00,sem_capacidade,controle_abstencao,0.150,nao,0,N/A,abster-se de recomendar por ausencia de capacidade de investimento,abstencao,14.50,14.40,4.14,2026-03,,,
D1-1126,2026-05-04,P2,Marina,Economiza e Nao Investe,TS,Tesouro Selic,15,335.18,capacidade_mensal_pof,calculo_rfl,0.225,sim,50,A,recomendar,rfl_numerico,14.50,14.40,4.14,2026-03,,,
D1-1127,2026-05-04,P2,Marina,Economiza e Nao Investe,TS,Tesouro Selic,180,335.18,capacidade_mensal_pof,calculo_rfl,0.225,nao,0,A,recomendar,rfl_numerico,14.50,14.40,4.14,2026-03,,,
D1-1128,2026-05-04,P2,Marina,Economiza e Nao Investe,TS,Tesouro Selic,360,335.18,capacidade_mensal_pof,calculo_rfl,0.200,nao,0,A,recomendar,rfl_numerico,14.50,14.40,4.14,2026-03,,,
D1-1129,2026-05-04,P2,Marina,Economiza e Nao Investe,TS,Tesouro Selic,720,335.18,capacidade_mensal_pof,calculo_rfl,0.175,nao,0,A,recomendar,rfl_numerico,14.50,14.40,4.14,2026-03,,,
D1-1130,2026-05-04,P2,Marina,Economiza e Nao Investe,TS,Tesouro Selic,1080,335.18,capacidade_mensal_pof,calculo_rfl,0.150,nao,0,A,recomendar,rfl_numerico,14.50,14.40,4.14,2026-03,,,
D1-1131,2026-05-04,P2,Marina,Economiza e Nao Investe,TPRE,Tesouro Prefixado,15,335.18,capacidade_mensal_pof,calculo_rfl,0.225,sim,50,AR,recomendar com ressalva explicita,rfl_numerico,14.50,14.40,4.14,2026-03,,,
D1-1132,2026-05-04,P2,Marina,Economiza e Nao Investe,TPRE,Tesouro Prefixado,180,335.18,capacidade_mensal_pof,calculo_rfl,0.225,nao,0,AR,recomendar com ressalva explicita,rfl_numerico,14.50,14.40,4.14,2026-03,,,
D1-1133,2026-05-04,P2,Marina,Economiza e Nao Investe,TPRE,Tesouro Prefixado,360,335.18,capacidade_mensal_pof,calculo_rfl,0.200,nao,0,AR,recomendar com ressalva explicita,rfl_numerico,14.50,14.40,4.14,2026-03,,,
D1-1134,2026-05-04,P2,Marina,Economiza e Nao Investe,TPRE,Tesouro Prefixado,720,335.18,capacidade_mensal_pof,calculo_rfl,0.175,nao,0,AR,recomendar com ressalva explicita,rfl_numerico,14.50,14.40,4.14,2026-03,,,
D1-1135,2026-05-04,P2,Marina,Economiza e Nao Investe,TPRE,Tesouro Prefixado,1080,335.18,capacidade_mensal_pof,calculo_rfl,0.150,nao,0,AR,recomendar com ressalva explicita,rfl_numerico,14.50,14.40,4.14,2026-03,,,
D1-1136,2026-05-04,P2,Marina,Economiza e Nao Investe,TIPCA,Tesouro IPCA+,15,335.18,capacidade_mensal_pof,recusa_por_inadequacao,0.225,sim,50,I,"nao recomendar (vedacao do art. 6o, I, da Res. CVM no 30/2021)",recusa,14.50,14.40,4.14,2026-03,,,
D1-1137,2026-05-04,P2,Marina,Economiza e Nao Investe,TIPCA,Tesouro IPCA+,180,335.18,capacidade_mensal_pof,recusa_por_inadequacao,0.225,nao,0,I,"nao recomendar (vedacao do art. 6o, I, da Res. CVM no 30/2021)",recusa,14.50,14.40,4.14,2026-03,,,
D1-1138,2026-05-04,P2,Marina,Economiza e Nao Investe,TIPCA,Tesouro IPCA+,360,335.18,capacidade_mensal_pof,recusa_por_inadequacao,0.200,nao,0,I,"nao recomendar (vedacao do art. 6o, I, da Res. CVM no 30/2021)",recusa,14.50,14.40,4.14,2026-03,,,
D1-1139,2026-05-04,P2,Marina,Economiza e Nao Investe,TIPCA,Tesouro IPCA+,720,335.18,capacidade_mensal_pof,recusa_por_inadequacao,0.175,nao,0,I,"nao recomendar (vedacao do art. 6o, I, da Res. CVM no 30/2021)",recusa,14.50,14.40,4.14,2026-03,,,
D1-1140,2026-05-04,P2,Marina,Economiza e Nao Investe,TIPCA,Tesouro IPCA+,1080,335.18,capacidade_mensal_pof,recusa_por_inadequacao,0.150,nao,0,I,"nao recomendar (vedacao do art. 6o, I, da Res. CVM no 30/2021)",recusa,14.50,14.40,4.14,2026-03,,,
D1-1141,2026-05-04,P2,Marina,Economiza e Nao Investe,CDBI,CDB ate o limite do FGC,15,335.18,capacidade_mensal_pof,calculo_rfl,0.225,sim,50,A,recomendar,rfl_numerico,14.50,14.40,4.14,2026-03,,,
D1-1142,2026-05-04,P2,Marina,Economiza e Nao Investe,CDBI,CDB ate o limite do FGC,180,335.18,capacidade_mensal_pof,calculo_rfl,0.225,nao,0,A,recomendar,rfl_numerico,14.50,14.40,4.14,2026-03,,,
D1-1143,2026-05-04,P2,Marina,Economiza e Nao Investe,CDBI,CDB ate o limite do FGC,360,335.18,capacidade_mensal_pof,calculo_rfl,0.200,nao,0,A,recomendar,rfl_numerico,14.50,14.40,4.14,2026-03,,,
D1-1144,2026-05-04,P2,Marina,Economiza e Nao Investe,CDBI,CDB ate o limite do FGC,720,335.18,capacidade_mensal_pof,calculo_rfl,0.175,nao,0,A,recomendar,rfl_numerico,14.50,14.40,4.14,2026-03,,,
D1-1145,2026-05-04,P2,Marina,Economiza e Nao Investe,CDBI,CDB ate o limite do FGC,1080,335.18,capacidade_mensal_pof,calculo_rfl,0.150,nao,0,A,recomendar,rfl_numerico,14.50,14.40,4.14,2026-03,,,
D1-1146,2026-05-04,P2,Marina,Economiza e Nao Investe,CDBS,CDB acima do limite do FGC,15,300000.00,estoque_hipotetico,recusa_por_inadequacao,0.225,sim,50,I,"nao recomendar (vedacao do art. 6o, I, da Res. CVM no 30/2021)",recusa,14.50,14.40,4.14,2026-03,,,
D1-1147,2026-05-04,P2,Marina,Economiza e Nao Investe,CDBS,CDB acima do limite do FGC,180,300000.00,estoque_hipotetico,recusa_por_inadequacao,0.225,nao,0,I,"nao recomendar (vedacao do art. 6o, I, da Res. CVM no 30/2021)",recusa,14.50,14.40,4.14,2026-03,,,
D1-1148,2026-05-04,P2,Marina,Economiza e Nao Investe,CDBS,CDB acima do limite do FGC,360,300000.00,estoque_hipotetico,recusa_por_inadequacao,0.200,nao,0,I,"nao recomendar (vedacao do art. 6o, I, da Res. CVM no 30/2021)",recusa,14.50,14.40,4.14,2026-03,,,
D1-1149,2026-05-04,P2,Marina,Economiza e Nao Investe,CDBS,CDB acima do limite do FGC,720,300000.00,estoque_hipotetico,recusa_por_inadequacao,0.175,nao,0,I,"nao recomendar (vedacao do art. 6o, I, da Res. CVM no 30/2021)",recusa,14.50,14.40,4.14,2026-03,,,
D1-1150,2026-05-04,P2,Marina,Economiza e Nao Investe,CDBS,CDB acima do limite do FGC,1080,300000.00,estoque_hipotetico,recusa_por_inadequacao,0.150,nao,0,I,"nao recomendar (vedacao do art. 6o, I, da Res. CVM no 30/2021)",recusa,14.50,14.40,4.14,2026-03,,,
D1-1151,2026-05-04,P3,Antonio,Caderneta,TS,Tesouro Selic,15,335.18,capacidade_mensal_pof,calculo_rfl,0.225,sim,50,A,recomendar,rfl_numerico,14.50,14.40,4.14,2026-03,,,
D1-1152,2026-05-04,P3,Antonio,Caderneta,TS,Tesouro Selic,180,335.18,capacidade_mensal_pof,calculo_rfl,0.225,nao,0,A,recomendar,rfl_numerico,14.50,14.40,4.14,2026-03,,,
D1-1153,2026-05-04,P3,Antonio,Caderneta,TS,Tesouro Selic,360,335.18,capacidade_mensal_pof,calculo_rfl,0.200,nao,0,A,recomendar,rfl_numerico,14.50,14.40,4.14,2026-03,,,
D1-1154,2026-05-04,P3,Antonio,Caderneta,TS,Tesouro Selic,720,335.18,capacidade_mensal_pof,calculo_rfl,0.175,nao,0,A,recomendar,rfl_numerico,14.50,14.40,4.14,2026-03,,,
D1-1155,2026-05-04,P3,Antonio,Caderneta,TS,Tesouro Selic,1080,335.18,capacidade_mensal_pof,calculo_rfl,0.150,nao,0,A,recomendar,rfl_numerico,14.50,14.40,4.14,2026-03,,,
D1-1156,2026-05-04,P3,Antonio,Caderneta,TPRE,Tesouro Prefixado,15,335.18,capacidade_mensal_pof,recusa_por_inadequacao,0.225,sim,50,I,"nao recomendar (vedacao do art. 6o, I, da Res. CVM no 30/2021)",recusa,14.50,14.40,4.14,2026-03,,,
D1-1157,2026-05-04,P3,Antonio,Caderneta,TPRE,Tesouro Prefixado,180,335.18,capacidade_mensal_pof,recusa_por_inadequacao,0.225,nao,0,I,"nao recomendar (vedacao do art. 6o, I, da Res. CVM no 30/2021)",recusa,14.50,14.40,4.14,2026-03,,,
D1-1158,2026-05-04,P3,Antonio,Caderneta,TPRE,Tesouro Prefixado,360,335.18,capacidade_mensal_pof,recusa_por_inadequacao,0.200,nao,0,I,"nao recomendar (vedacao do art. 6o, I, da Res. CVM no 30/2021)",recusa,14.50,14.40,4.14,2026-03,,,
D1-1159,2026-05-04,P3,Antonio,Caderneta,TPRE,Tesouro Prefixado,720,335.18,capacidade_mensal_pof,recusa_por_inadequacao,0.175,nao,0,I,"nao recomendar (vedacao do art. 6o, I, da Res. CVM no 30/2021)",recusa,14.50,14.40,4.14,2026-03,,,
D1-1160,2026-05-04,P3,Antonio,Caderneta,TPRE,Tesouro Prefixado,1080,335.18,capacidade_mensal_pof,recusa_por_inadequacao,0.150,nao,0,I,"nao recomendar (vedacao do art. 6o, I, da Res. CVM no 30/2021)",recusa,14.50,14.40,4.14,2026-03,,,
D1-1161,2026-05-04,P3,Antonio,Caderneta,TIPCA,Tesouro IPCA+,15,335.18,capacidade_mensal_pof,recusa_por_inadequacao,0.225,sim,50,I,"nao recomendar (vedacao do art. 6o, I, da Res. CVM no 30/2021)",recusa,14.50,14.40,4.14,2026-03,,,
D1-1162,2026-05-04,P3,Antonio,Caderneta,TIPCA,Tesouro IPCA+,180,335.18,capacidade_mensal_pof,recusa_por_inadequacao,0.225,nao,0,I,"nao recomendar (vedacao do art. 6o, I, da Res. CVM no 30/2021)",recusa,14.50,14.40,4.14,2026-03,,,
D1-1163,2026-05-04,P3,Antonio,Caderneta,TIPCA,Tesouro IPCA+,360,335.18,capacidade_mensal_pof,recusa_por_inadequacao,0.200,nao,0,I,"nao recomendar (vedacao do art. 6o, I, da Res. CVM no 30/2021)",recusa,14.50,14.40,4.14,2026-03,,,
D1-1164,2026-05-04,P3,Antonio,Caderneta,TIPCA,Tesouro IPCA+,720,335.18,capacidade_mensal_pof,recusa_por_inadequacao,0.175,nao,0,I,"nao recomendar (vedacao do art. 6o, I, da Res. CVM no 30/2021)",recusa,14.50,14.40,4.14,2026-03,,,
D1-1165,2026-05-04,P3,Antonio,Caderneta,TIPCA,Tesouro IPCA+,1080,335.18,capacidade_mensal_pof,recusa_por_inadequacao,0.150,nao,0,I,"nao recomendar (vedacao do art. 6o, I, da Res. CVM no 30/2021)",recusa,14.50,14.40,4.14,2026-03,,,
D1-1166,2026-05-04,P3,Antonio,Caderneta,CDBI,CDB ate o limite do FGC,15,335.18,capacidade_mensal_pof,calculo_rfl,0.225,sim,50,A,recomendar,rfl_numerico,14.50,14.40,4.14,2026-03,,,
D1-1167,2026-05-04,P3,Antonio,Caderneta,CDBI,CDB ate o limite do FGC,180,335.18,capacidade_mensal_pof,calculo_rfl,0.225,nao,0,A,recomendar,rfl_numerico,14.50,14.40,4.14,2026-03,,,
D1-1168,2026-05-04,P3,Antonio,Caderneta,CDBI,CDB ate o limite do FGC,360,335.18,capacidade_mensal_pof,calculo_rfl,0.200,nao,0,A,recomendar,rfl_numerico,14.50,14.40,4.14,2026-03,,,
D1-1169,2026-05-04,P3,Antonio,Caderneta,CDBI,CDB ate o limite do FGC,720,335.18,capacidade_mensal_pof,calculo_rfl,0.175,nao,0,A,recomendar,rfl_numerico,14.50,14.40,4.14,2026-03,,,
D1-1170,2026-05-04,P3,Antonio,Caderneta,CDBI,CDB ate o limite do FGC,1080,335.18,capacidade_mensal_pof,calculo_rfl,0.150,nao,0,A,recomendar,rfl_numerico,14.50,14.40,4.14,2026-03,,,
D1-1171,2026-05-04,P3,Antonio,Caderneta,CDBS,CDB acima do limite do FGC,15,300000.00,estoque_hipotetico,recusa_por_inadequacao,0.225,sim,50,I,"nao recomendar (vedacao do art. 6o, I, da Res. CVM no 30/2021)",recusa,14.50,14.40,4.14,2026-03,,,
D1-1172,2026-05-04,P3,Antonio,Caderneta,CDBS,CDB acima do limite do FGC,180,300000.00,estoque_hipotetico,recusa_por_inadequacao,0.225,nao,0,I,"nao recomendar (vedacao do art. 6o, I, da Res. CVM no 30/2021)",recusa,14.50,14.40,4.14,2026-03,,,
D1-1173,2026-05-04,P3,Antonio,Caderneta,CDBS,CDB acima do limite do FGC,360,300000.00,estoque_hipotetico,recusa_por_inadequacao,0.200,nao,0,I,"nao recomendar (vedacao do art. 6o, I, da Res. CVM no 30/2021)",recusa,14.50,14.40,4.14,2026-03,,,
D1-1174,2026-05-04,P3,Antonio,Caderneta,CDBS,CDB acima do limite do FGC,720,300000.00,estoque_hipotetico,recusa_por_inadequacao,0.175,nao,0,I,"nao recomendar (vedacao do art. 6o, I, da Res. CVM no 30/2021)",recusa,14.50,14.40,4.14,2026-03,,,
D1-1175,2026-05-04,P3,Antonio,Caderneta,CDBS,CDB acima do limite do FGC,1080,300000.00,estoque_hipotetico,recusa_por_inadequacao,0.150,nao,0,I,"nao recomendar (vedacao do art. 6o, I, da Res. CVM no 30/2021)",recusa,14.50,14.40,4.14,2026-03,,,
D1-1176,2026-05-04,P4,Rafael,Diversifica,TS,Tesouro Selic,15,1954.22,capacidade_mensal_pof,calculo_rfl,0.225,sim,50,A,recomendar,rfl_numerico,14.50,14.40,4.14,2026-03,,,
D1-1177,2026-05-04,P4,Rafael,Diversifica,TS,Tesouro Selic,180,1954.22,capacidade_mensal_pof,calculo_rfl,0.225,nao,0,A,recomendar,rfl_numerico,14.50,14.40,4.14,2026-03,,,
D1-1178,2026-05-04,P4,Rafael,Diversifica,TS,Tesouro Selic,360,1954.22,capacidade_mensal_pof,calculo_rfl,0.200,nao,0,A,recomendar,rfl_numerico,14.50,14.40,4.14,2026-03,,,
D1-1179,2026-05-04,P4,Rafael,Diversifica,TS,Tesouro Selic,720,1954.22,capacidade_mensal_pof,calculo_rfl,0.175,nao,0,A,recomendar,rfl_numerico,14.50,14.40,4.14,2026-03,,,
D1-1180,2026-05-04,P4,Rafael,Diversifica,TS,Tesouro Selic,1080,1954.22,capacidade_mensal_pof,calculo_rfl,0.150,nao,0,A,recomendar,rfl_numerico,14.50,14.40,4.14,2026-03,,,
D1-1181,2026-05-04,P4,Rafael,Diversifica,TPRE,Tesouro Prefixado,15,1954.22,capacidade_mensal_pof,calculo_rfl,0.225,sim,50,A,recomendar,rfl_numerico,14.50,14.40,4.14,2026-03,,,
D1-1182,2026-05-04,P4,Rafael,Diversifica,TPRE,Tesouro Prefixado,180,1954.22,capacidade_mensal_pof,calculo_rfl,0.225,nao,0,A,recomendar,rfl_numerico,14.50,14.40,4.14,2026-03,,,
D1-1183,2026-05-04,P4,Rafael,Diversifica,TPRE,Tesouro Prefixado,360,1954.22,capacidade_mensal_pof,calculo_rfl,0.200,nao,0,A,recomendar,rfl_numerico,14.50,14.40,4.14,2026-03,,,
D1-1184,2026-05-04,P4,Rafael,Diversifica,TPRE,Tesouro Prefixado,720,1954.22,capacidade_mensal_pof,calculo_rfl,0.175,nao,0,A,recomendar,rfl_numerico,14.50,14.40,4.14,2026-03,,,
D1-1185,2026-05-04,P4,Rafael,Diversifica,TPRE,Tesouro Prefixado,1080,1954.22,capacidade_mensal_pof,calculo_rfl,0.150,nao,0,A,recomendar,rfl_numerico,14.50,14.40,4.14,2026-03,,,
D1-1186,2026-05-04,P4,Rafael,Diversifica,TIPCA,Tesouro IPCA+,15,1954.22,capacidade_mensal_pof,calculo_rfl,0.225,sim,50,A,recomendar,rfl_numerico,14.50,14.40,4.14,2026-03,,,
D1-1187,2026-05-04,P4,Rafael,Diversifica,TIPCA,Tesouro IPCA+,180,1954.22,capacidade_mensal_pof,calculo_rfl,0.225,nao,0,A,recomendar,rfl_numerico,14.50,14.40,4.14,2026-03,,,
D1-1188,2026-05-04,P4,Rafael,Diversifica,TIPCA,Tesouro IPCA+,360,1954.22,capacidade_mensal_pof,calculo_rfl,0.200,nao,0,A,recomendar,rfl_numerico,14.50,14.40,4.14,2026-03,,,
D1-1189,2026-05-04,P4,Rafael,Diversifica,TIPCA,Tesouro IPCA+,720,1954.22,capacidade_mensal_pof,calculo_rfl,0.175,nao,0,A,recomendar,rfl_numerico,14.50,14.40,4.14,2026-03,,,
D1-1190,2026-05-04,P4,Rafael,Diversifica,TIPCA,Tesouro IPCA+,1080,1954.22,capacidade_mensal_pof,calculo_rfl,0.150,nao,0,A,recomendar,rfl_numerico,14.50,14.40,4.14,2026-03,,,
D1-1191,2026-05-04,P4,Rafael,Diversifica,CDBI,CDB ate o limite do FGC,15,1954.22,capacidade_mensal_pof,calculo_rfl,0.225,sim,50,A,recomendar,rfl_numerico,14.50,14.40,4.14,2026-03,,,
D1-1192,2026-05-04,P4,Rafael,Diversifica,CDBI,CDB ate o limite do FGC,180,1954.22,capacidade_mensal_pof,calculo_rfl,0.225,nao,0,A,recomendar,rfl_numerico,14.50,14.40,4.14,2026-03,,,
D1-1193,2026-05-04,P4,Rafael,Diversifica,CDBI,CDB ate o limite do FGC,360,1954.22,capacidade_mensal_pof,calculo_rfl,0.200,nao,0,A,recomendar,rfl_numerico,14.50,14.40,4.14,2026-03,,,
D1-1194,2026-05-04,P4,Rafael,Diversifica,CDBI,CDB ate o limite do FGC,720,1954.22,capacidade_mensal_pof,calculo_rfl,0.175,nao,0,A,recomendar,rfl_numerico,14.50,14.40,4.14,2026-03,,,
D1-1195,2026-05-04,P4,Rafael,Diversifica,CDBI,CDB ate o limite do FGC,1080,1954.22,capacidade_mensal_pof,calculo_rfl,0.150,nao,0,A,recomendar,rfl_numerico,14.50,14.40,4.14,2026-03,,,
D1-1196,2026-05-04,P4,Rafael,Diversifica,CDBS,CDB acima do limite do FGC,15,300000.00,estoque_hipotetico,calculo_rfl,0.225,sim,50,AR,recomendar com ressalva explicita,rfl_numerico,14.50,14.40,4.14,2026-03,,,
D1-1197,2026-05-04,P4,Rafael,Diversifica,CDBS,CDB acima do limite do FGC,180,300000.00,estoque_hipotetico,calculo_rfl,0.225,nao,0,AR,recomendar com ressalva explicita,rfl_numerico,14.50,14.40,4.14,2026-03,,,
D1-1198,2026-05-04,P4,Rafael,Diversifica,CDBS,CDB acima do limite do FGC,360,300000.00,estoque_hipotetico,calculo_rfl,0.200,nao,0,AR,recomendar com ressalva explicita,rfl_numerico,14.50,14.40,4.14,2026-03,,,
D1-1199,2026-05-04,P4,Rafael,Diversifica,CDBS,CDB acima do limite do FGC,720,300000.00,estoque_hipotetico,calculo_rfl,0.175,nao,0,AR,recomendar com ressalva explicita,rfl_numerico,14.50,14.40,4.14,2026-03,,,
D1-1200,2026-05-04,P4,Rafael,Diversifica,CDBS,CDB acima do limite do FGC,1080,300000.00,estoque_hipotetico,calculo_rfl,0.150,nao,0,AR,recomendar com ressalva explicita,rfl_numerico,14.50,14.40,4.14,2026-03,,,
